[{"model": "articles.category", "pk": 1, "fields": {"name": "자유"}}, {"model": "articles.category", "pk": 2, "fields": {"name": "영화"}}, {"model": "articles.article", "pk": 1, "fields": {"user": 1, "category": 2, "title": "서울의 봄 재밌음?", "content": "재밌더라", "created_at": "2024-05-22T09:32:58.766", "updated_at": "2024-05-22T09:32:58.766", "likes_user": [1, 3]}}, {"model": "articles.comment", "pk": 1, "fields": {"user": 1, "article": 1, "content": "ㅁㄴㅇㅁㄴㅇㅁㄴㅇㅁㄴㅇㄴㅁ", "likes_user": [3]}}, {"model": "articles.comment", "pk": 6, "fields": {"user": 1, "article": 1, "content": "두번쨰", "likes_user": [3]}}, {"model": "articles.comment", "pk": 7, "fields": {"user": 1, "article": 1, "content": "ㅇㄴㅁㅇㅁㄴㅇ", "likes_user": [1]}}, {"model": "articles.comment", "pk": 9, "fields": {"user": 3, "article": 1, "content": "sadasdaSD", "likes_user": [3]}}, {"model": "articles.comment", "pk": 10, "fields": {"user": 3, "article": 1, "content": "ASDASDAS", "likes_user": []}}, {"model": "accounts.user", "pk": 1, "fields": {"password": "pbkdf2_sha256$600000$2HBz5QTssKhHkV4ncKOT7a$dx3P3WjuiksYl3R8zX/sOr0ZCwcc/WO+AQbhXYGAZAM=", "last_login": "2024-05-22T14:19:42.137", "is_superuser": false, "username": "test2", "first_name": "", "last_name": "", "email": "", "is_staff": false, "is_active": true, "date_joined": "2024-05-22T09:32:38.477", "Nickname": "", "groups": [], "user_permissions": []}}, {"model": "accounts.user", "pk": 2, "fields": {"password": "pbkdf2_sha256$600000$XCOwop1Bd5gc11EQCW7DJW$Kfs5K3lWRF1nhOIhXqD8Gbx1bw2IeozvM5JleDIsrXk=", "last_login": "2024-05-22T14:59:31.142", "is_superuser": false, "username": "test3", "first_name": "", "last_name": "", "email": "", "is_staff": false, "is_active": true, "date_joined": "2024-05-22T09:35:44.597", "Nickname": "", "groups": [], "user_permissions": []}}, {"model": "accounts.user", "pk": 3, "fields": {"password": "pbkdf2_sha256$600000$LKYsIsoXR7Zzf3rv9O2O5C$7ZkcyYy7a96GWY4mskKt+sFdxGRZ4fBvYNoIJ5iabDU=", "last_login": "2024-05-22T14:28:39.771", "is_superuser": false, "username": "test1", "first_name": "", "last_name": "", "email": "", "is_staff": false, "is_active": true, "date_joined": "2024-05-22T13:39:40.210", "Nickname": "", "groups": [], "user_permissions": []}}, {"model": "movies.genre", "pk": 12, "fields": {"name": "모험", "user": [1]}}, {"model": "movies.genre", "pk": 14, "fields": {"name": "판타지", "user": []}}, {"model": "movies.genre", "pk": 16, "fields": {"name": "애니메이션", "user": [1]}}, {"model": "movies.genre", "pk": 18, "fields": {"name": "드라마", "user": []}}, {"model": "movies.genre", "pk": 27, "fields": {"name": "공포", "user": []}}, {"model": "movies.genre", "pk": 28, "fields": {"name": "액션", "user": []}}, {"model": "movies.genre", "pk": 35, "fields": {"name": "코미디", "user": []}}, {"model": "movies.genre", "pk": 37, "fields": {"name": "서부", "user": []}}, {"model": "movies.genre", "pk": 53, "fields": {"name": "스릴러", "user": []}}, {"model": "movies.genre", "pk": 80, "fields": {"name": "범죄", "user": [2]}}, {"model": "movies.genre", "pk": 99, "fields": {"name": "다큐멘터리", "user": [2, 3]}}, {"model": "movies.genre", "pk": 136, "fields": {"name": "역사", "user": []}}, {"model": "movies.genre", "pk": 878, "fields": {"name": "SF", "user": [3]}}, {"model": "movies.genre", "pk": 9648, "fields": {"name": "미스터리", "user": [1]}}, {"model": "movies.genre", "pk": 10402, "fields": {"name": "음악", "user": [3]}}, {"model": "movies.genre", "pk": 10749, "fields": {"name": "로맨스", "user": []}}, {"model": "movies.genre", "pk": 10751, "fields": {"name": "가족", "user": []}}, {"model": "movies.genre", "pk": 10752, "fields": {"name": "전쟁", "user": [2]}}, {"model": "movies.movie", "pk": 1, "fields": {"title": "혹성탈출: 새로운 시대", "overview": "진화한 유인원과 퇴화된 인간들이 살아가는 땅. 유인원 리더 프록시무스는 완전한 군림을 위해 인간들을 사냥하며 자신의 제국을 건설한다. 한편, 또 다른 유인원 노아는 우연히 숨겨진 과거의 이야기와 시저의 가르침을 듣게 되고 인간과 유인원이 함께 할 새로운 세상을 꿈꾼다. 어느 날 그의 앞에 나타난 의문의 한 인간 소녀. 노아는 그녀와 함께 자유를 향한 여정을 시작하게 되는데…", "poster_path": "/plNOSbqkSuGEK2i15A5btAXtB7t.jpg", "popularity": 1939.392, "adult": false, "release_date": "2024-05-08", "is_latest": true, "is_popular": true, "genre_ids": [12, 28, 878], "likes_user": [], "store_user": []}}, {"model": "movies.movie", "pk": 2, "fields": {"title": "고스트버스터즈: 오싹한 뉴욕", "overview": "무더운 여름의 뉴욕의 어느 날, 고대 유물 속 깨어난 데스칠로 인해 정체불명의 냉기가 몰려오고 마침내 도시는 얼어붙고 만다. 유령을 퇴치하는 그루버슨과 라이즈 버스터즈 멤버들은 얼어붙은 세상을 깨부수기 위해 유령 군단을 쫓기 시작하는데…", "poster_path": "/mGzSIfzmcf9H91DS06cnka1SYrP.jpg", "popularity": 958.225, "adult": false, "release_date": "2024-04-17", "is_latest": true, "is_popular": true, "genre_ids": [12, 14, 35], "likes_user": [], "store_user": []}}, {"model": "movies.movie", "pk": 3, "fields": {"title": "쿵푸팬더 4", "overview": "마침내 내면의 평화… 냉면의 평화…가 찾아왔다고 믿는 용의 전사 ‘포’ 이젠 평화의 계곡의 영적 지도자가 되고, 자신을 대신할 후계자를 찾아야만 한다. “이제 용의 전사는 그만둬야 해요?” 용의 전사로의 모습이 익숙해지고 새로운 성장을 하기보다 지금 이대로가 좋은 ‘포’ 하지만 모든 쿵푸 마스터들의 능력을 그대로 복제하는 강력한 빌런 ‘카멜레온’이 나타나고 그녀를 막기 위해 정체를 알 수 없는 쿵푸 고수 ‘젠’과 함께 모험을 떠나게 되는데… 포는 가장 강력한 빌런과 자기 자신마저 뛰어넘고 진정한 변화를 할 수 있을까?", "poster_path": "/1ZNOOMmILNUzVYbzG1j7GYb5bEV.jpg", "popularity": 895.937, "adult": false, "release_date": "2024-04-10", "is_latest": true, "is_popular": true, "genre_ids": [14, 16, 28, 35, 10751], "likes_user": [], "store_user": []}}, {"model": "movies.movie", "pk": 4, "fields": {"title": "애비게일", "overview": "오직 돈을 위해서 업계 최고들로만 모인 납치범들. 정체를 알 수 없는 거부의 딸이자 평범한 소녀 ‘애비게일’을 납치하고, 24시간 동안 저택에서 그녀를 감시하고 거액의 돈을 받기로 한다. 하지만 평범한 소녀 ‘애비게일’은 발레리나 뱀파이어였고 오히려 납치범들은 역으로 저택에 갇혀 그녀의 장난감과 먹이가 되었다. 납치범들은 이제 24시간 안에 살기 위해 저택을 탈출해야 한다.", "poster_path": "/dRCVYbOjhMNghBQgHuqthG5iLH.jpg", "popularity": 821.264, "adult": false, "release_date": "2024-05-15", "is_latest": true, "is_popular": true, "genre_ids": [27, 53], "likes_user": [], "store_user": [1]}}, {"model": "movies.movie", "pk": 5, "fields": {"title": "가필드 더 무비", "overview": "세상귀찮 집냥이, 바쁘고 험난한 세상에 던져졌다! 집사 ‘존’과 반려견 ‘오디’를 기르며 평화로운 나날을 보내던 집냥이 ‘가필드’. 어느 날, 험악한 길냥이 무리에게 납치당해 냉혹한 거리로 던져진다. 돌봐주는 집사가 없는 집 밖 세상은 너무나도 정신없게 돌아가고 길에서 우연히 다시 만난 아빠 길냥이 ‘빅’은 오히려 ‘가필드’를 위기에 빠지게 하는데… 험난한 세상, 살아남아야 한다!", "poster_path": "/57g3pHYi3p0JNVO1LkcyYbeMDBf.jpg", "popularity": 608.261, "adult": false, "release_date": "2024-05-15", "is_latest": true, "is_popular": true, "genre_ids": [16, 35, 10751], "likes_user": [], "store_user": []}}, {"model": "movies.movie", "pk": 6, "fields": {"title": "퓨리오사: 매드맥스 사가", "overview": "문명 붕괴 45년 후, 황폐해진 세상에 무참히 던져진 '퓨리오사'가 고향으로 돌아가기 위해 자신의 인생 전부를 걸고 떠나는 거대한 여정을 그린 액션 블록버스터", "poster_path": "/zaUFDdJidS4Nyyd6jb2Ok3Kq4Vo.jpg", "popularity": 393.497, "adult": false, "release_date": "2024-05-22", "is_latest": true, "is_popular": true, "genre_ids": [12, 28, 878], "likes_user": [], "store_user": []}}, {"model": "movies.movie", "pk": 7, "fields": {"title": "이프: 상상의 친구", "overview": "상상의 친구 ‘이프’를 볼 수 있는 능력을 지닌 한 소녀가 아이들에게 잊혀졌던 ‘이프’를 다시 되찾아주기 위해 마법 같은 모험을 시작하는 이야기를 그린 영화", "poster_path": "/9GAOhSzXjXJR4AxYCa2AMzMGPVg.jpg", "popularity": 313.687, "adult": false, "release_date": "2024-05-15", "is_latest": true, "is_popular": true, "genre_ids": [14, 35, 10751], "likes_user": [], "store_user": []}}, {"model": "movies.movie", "pk": 8, "fields": {"title": "아서", "overview": "어드벤처 레이싱 팀 주장 ‘마이클’은 최고로 힘든 지형과 날씨의 도미니카 공화국에서 700KM를 질주해야 한다! 여러 단계를 통과하던 중, '마이클' 앞에 떠돌이 개 '아서'가 나타나고 그의 팀을 따라다니기 시작하는데, '아서'를 포기해야만 우승 할 수 있는 상황..!  마지막 도전! 우승을 놓칠 수 없는 경기! ‘’아서’와 끝가지 함께 할 수 있을까?", "poster_path": "/a9B0PGRIhmOGRmpKdNR46id30Pt.jpg", "popularity": 249.777, "adult": false, "release_date": "2024-04-17", "is_latest": true, "is_popular": false, "genre_ids": [12, 18], "likes_user": [], "store_user": []}}, {"model": "movies.movie", "pk": 9, "fields": {"title": "챌린저스", "overview": "스타급의 인기를 누리던 테니스 천재 타시는 부상으로 인해 더 이상 선수 생활을 하지 못하고 지금은 남편 아트의 코치를 맡고 있다. 연패 슬럼프에서 빠져나오지 못하는 아트를 챌린저급 대회에 참가시킨 타시는 남편과 둘도 없는 친구 사이이자 자신의 전 남친인 패트릭을 다시 만나게 된다. 선 넘는 세 남녀의 아슬아슬한 관계는 테니스 코트 밖에서 더욱 격렬하게 이어지는데… 결승전 D-DAY, 가장 매혹적인 랠리가 시작된다!", "poster_path": "/iUDG0gsPZxNm9IOLqpIUZiUMVMZ.jpg", "popularity": 222.186, "adult": false, "release_date": "2024-04-24", "is_latest": true, "is_popular": false, "genre_ids": [18, 10749], "likes_user": [], "store_user": []}}, {"model": "movies.movie", "pk": 10, "fields": {"title": "스턴트맨", "overview": "잠수 이별을 택하고 후회뿐인 날을 보내던 스턴트맨 ‘콜트’(라이언 고슬링) 영화감독이 된 전 여친 ‘조디’(에밀리 블런트)의 촬영장에 복귀하며 아련한 재회를 기대했지만… 갑자기 주연배우가 사라지고 콜트는 우선 그부터 찾아야만 한다! <데드풀 2> 감독이 말아주는 코미디, 액션, 로맨스 장르 풀코스 액션도 터지고, 사랑도 터지고, 웃음도 터진다!", "poster_path": "/aUZ176q7ldMaPLYVnmaFWK4CApE.jpg", "popularity": 232.589, "adult": false, "release_date": "2024-05-01", "is_latest": true, "is_popular": false, "genre_ids": [28, 35], "likes_user": [], "store_user": []}}, {"model": "movies.movie", "pk": 11, "fields": {"title": "악마와의 토크쇼", "overview": "1977년 핼러윈 전날 밤, 시청률을 위해서라면 일단 틀고 보는 방송국 놈들 때문에 누구도 예상하지 못한 방송사고 발생! 그리고 마침내 미국 전역을 충격에 빠트렸던 그날 밤의 생방송 악마와의 토크쇼 녹화영상이 최근에 발견됐는데… 47년간 숨겨진, 절대 생중계돼서는 안 될 최악의 토크쇼가 마침내 공개된다, 그동안 공개되지 않은 비하인드 영상과 함께!", "poster_path": "/5nUu9y8hQtmW4Qt5GWZZATCjFnN.jpg", "popularity": 202.899, "adult": false, "release_date": "2024-05-08", "is_latest": true, "is_popular": false, "genre_ids": [27], "likes_user": [], "store_user": [1]}}, {"model": "movies.movie", "pk": 12, "fields": {"title": "쇼생크 탈출", "overview": "촉망받는 은행 간부 앤디 듀프레인은 아내와 그녀의 정부를 살해했다는 누명을 쓴다. 주변의 증언과 살해 현장의 그럴듯한 증거들로 그는 종신형을 선고받고 악질범들만 수용한다는 지옥같은 교도소 쇼생크로 향한다. 인간 말종 쓰레기들만 모인 그곳에서 그는 이루 말할 수 없는 억압과 짐승보다 못한 취급을 당한다. 그러던 어느 날, 간수의 세금을 면제받게 해 준 덕분에 그는 일약 교도소의 비공식 회계사로 일하게 된다. 그 와중에 교도소 소장은 죄수들을 이리저리 부리면서 검은 돈을 긁어 모으고 앤디는 이 돈을 세탁하여 불려주면서 그의 돈을 관리하는데...", "poster_path": "/qV9BQZdiM8foEzDz0Ag5hGWE5qM.jpg", "popularity": 155.715, "adult": false, "release_date": "1995-01-28", "is_latest": true, "is_popular": false, "genre_ids": [18, 80], "likes_user": [], "store_user": []}}, {"model": "movies.movie", "pk": 13, "fields": {"title": "극장판 하이큐!! 쓰레기장의 결전", "overview": "봄철 고교 배구대회 미야기현 대표 결정전. 1회전과 2회전에서 우승 후보를 차례로 꺾은 카라스노 고등학교는 마침내 3회전에서 인연의 라이벌 네코마 고등학교와 맞붙게 된다. 공식 경기에서 처음으로 대결하는 두 고등학교, 통칭 까마귀 VS 고양이 ‘쓰레기장의 결전’. 약속의 땅에서 ‘한 번 더’가 없는 싸움이 드디어 시작된다!", "poster_path": "/d0jCRbTdJPEvGaboeZ3fvCUVrNT.jpg", "popularity": 86.675, "adult": false, "release_date": "2024-05-15", "is_latest": true, "is_popular": false, "genre_ids": [16, 18], "likes_user": [], "store_user": []}}, {"model": "movies.movie", "pk": 14, "fields": {"title": "범죄도시 4", "overview": "신종 마약 사건 3년 뒤, 괴물형사 마석도와 서울 광수대는 배달앱을 이용한 마약 판매 사건을 수사하던 중 수배 중인 앱 개발자가 필리핀에서 사망한 사건이 대규모 온라인 불법 도박 조직과 연관되어 있음을 알아낸다. 필리핀에 거점을 두고 납치, 감금, 폭행, 살인 등으로 대한민국 온라인 불법 도박 시장을 장악한 특수부대 용병 출신의 빌런 백창기와 한국에서 더 큰 판을 짜고 있는 IT업계 천재 CEO 장동철. 마석도는 더 커진 판을 잡기 위해 장이수에게 뜻밖의 협력을 제안하고 광역수사대는 물론, 사이버수사대까지 합류해 범죄를 소탕하기 시작하는데…", "poster_path": "/h1YarEjeYurkAwXgfY1RDMVCiin.jpg", "popularity": 80.408, "adult": false, "release_date": "2024-04-24", "is_latest": true, "is_popular": false, "genre_ids": [18, 28, 80], "likes_user": [], "store_user": []}}, {"model": "movies.movie", "pk": 15, "fields": {"title": "올 더 네임즈 오브 갓", "overview": "공항에서 손님을 기다리던 택시 운전사 산티, 일순간 공항은 폭탄 테러로 인해 혼비백산 상태가 되고 산티는 그곳에서 테러리스트인 함자에 의해 인질로 잡히게 된다. 산티는 테러리스트에 의해 움직임을 멈추면 폭탄이 폭발해버리는 위험천만한 조끼를 입고 마드리드 중심부를 걸어 다니는 인간 폭탄이 되는데…", "poster_path": "/kx3X00Q1XSozAA60gpVFCVxMNQm.jpg", "popularity": 63.171, "adult": false, "release_date": "2024-04-17", "is_latest": true, "is_popular": false, "genre_ids": [18, 28, 53], "likes_user": [], "store_user": []}}, {"model": "movies.movie", "pk": 16, "fields": {"title": "할리우드 살인사건", "overview": "홀로 산에 있는 트레일러에 은둔하고 있는 전직 형사 찰리 왈도에게, 어느 날 전 연인인 로레나가 찾아온다.  그녀의 요청은 모니카 핀치 살인 사건을 수사해 달라는 것.  그녀의 남편이자 유명 영화 배우인 앨러스테어 핀치가 유력한 살해 용의자이지만,  아직 드라마 출연분을 채워야 하는 네트워크의 대표인 시고르스키는 그가 혐의를 벗기를 바라고 있다.  로레나에게는 사건을 맡기를 거절했지만,  그가 합류한다는 기사를 보고 갱단 패거리들이 찾아와 그를 협박하고, 설상가상으로 로레나는 행방불명된다.  왈도는 고요했던 은둔 생활을 뒤로 하고, 일을 바로잡으러 시끌벅적한 LA 세상 밖으로 나오게 되는데…", "poster_path": "/brKmmJHmLDdgWNThBgCwgKOBcIk.jpg", "popularity": 41.766, "adult": false, "release_date": "2024-05-08", "is_latest": true, "is_popular": false, "genre_ids": [28, 53, 80], "likes_user": [], "store_user": []}}, {"model": "movies.movie", "pk": 17, "fields": {"title": "그녀가 죽었다", "overview": "고객이 맡긴 열쇠로 그 집에 들어가  남의 삶을 훔쳐보는 취미를 지닌 공인중개사 구정태. 편의점 소시지를 먹으며 비건 샐러드 사진을 포스팅하는  SNS 인플루언서 한소라에게 흥미를 느끼고 관찰하기 시작한다. 급기야 한소라의 집까지 드나들던 구정태는 어느 날, 그녀가 소파에 죽은 채 늘어져 있는 모습을 발견하게 된다. 그 후 그가 한소라 집에 들어간 것을 알고 있는 누군가가 협박을 시작하고, 사건을 맡은 강력반 형사 오영주의 수사망이 그를 향해 좁혀온다. 스스로 범인을 찾아야 하는 구정태는 한소라의 SNS를 통해 주변 인물들을 뒤지며 진범을 찾아 나서는데…", "poster_path": "/wTtcvHnO0lzF9qOgmBjjzce2PMy.jpg", "popularity": 36.999, "adult": false, "release_date": "2024-05-15", "is_latest": true, "is_popular": false, "genre_ids": [53, 9648], "likes_user": [], "store_user": []}}, {"model": "movies.movie", "pk": 18, "fields": {"title": "내 손끝에 너의 온도가 닿을 때", "overview": "어려서부터 형제처럼 자라온 호태와 동희. 몇 년 전, 서울로 이사를 간 호태는 아버지의 돌아가신 뒤 엄마와 함께 강릉으로 돌아온다.  오랜만에 재회한 두 사람은 한 지붕 아래에서 함께 지내게 된다.  동희는 친형제 같은 존재지만 동시에 자신의 첫사랑이기도 한 호태를 보며 다시 설레고, 그 마음을 억누르려 하지만 쉽지 않다.  호태도 오랜만에 만난 동희에게 지금까지 경험해 보지 못했던 감정을 느끼게 된다. 두 사람의 아슬아슬한 관계는 예상치 못한 사건을 계기로 점점 변하기 시작하는데...", "poster_path": "/1hJu8VcjtVpVafsttE4LbOmz2f9.jpg", "popularity": 16.554, "adult": false, "release_date": "2024-05-15", "is_latest": true, "is_popular": false, "genre_ids": [18, 10749], "likes_user": [], "store_user": []}}, {"model": "movies.movie", "pk": 19, "fields": {"title": "낸 골딘, 모든 아름다움과 유혈사태", "overview": "전설적인 사진작가 낸 골딘의 삶, 예술, 투쟁, 그리고 생존. 언니가 스스로 목숨을 끊은 후, 사진은 나의 유일한 언어였다. 나는 생생하게 반짝이는 뉴욕에서 죽어가는 친구들의 아름다운 모습을 포착했고, 있는 그대로의 내 얼굴을 솔직하게 담아냈다. 이제는 내 모든 명성을 걸고 거대 제약회사에 맞서 싸운다. 생존과 투쟁의 기록이 담긴 나의 일기장을 당신에게 펼쳐 보인다.", "poster_path": "/fiGdZhBQip33XV8hjgxIqN9OHGR.jpg", "popularity": 26.486, "adult": false, "release_date": "2024-05-15", "is_latest": true, "is_popular": false, "genre_ids": [99], "likes_user": [], "store_user": []}}, {"model": "movies.movie", "pk": 20, "fields": {"title": "꽃다발 같은 사랑을 했다", "overview": "집으로 가는 막차를 놓친 스물한 살 대학생 `무기`와 `키`는  첫차를 기다리며 함께 시간을 보내게 된다. 좋아하는 책부터 영화, 신고 있는 신발까지 모든 게 꼭 닮은 두 사람은 수줍은 고백과 함께 연애를 시작하고 매일매일 행복한 시간을 쌓아간다.  하지만 대학 졸업과 함께 취업 준비에 나선 두 사람은 점점 서로에게 소원해지고 꿈과 현실 사이의 거리 만큼 마음의 거리도 멀어지기 시작하는데...", "poster_path": "/5ACMKe2YhXB4lXMvRCMD3x0w1kg.jpg", "popularity": 25.29, "adult": false, "release_date": "2021-07-14", "is_latest": true, "is_popular": false, "genre_ids": [18, 10749], "likes_user": [], "store_user": []}}, {"model": "movies.movie", "pk": 21, "fields": {"title": "디피컬트", "overview": "대출과 빚에 허덕이는 ‘브루노’와 ‘알베르’ TV 중고거래에서 우연히 만난 둘은 공짜 맥주와 감자칩에 이끌려 얼떨결에 환경 운동에 동참하고, 지구 온난화를 막기 위해 블랙 프라이데이에 반대하는 ‘캑터스’를 만나 환경 운동에 점점 진심이 되어가는데… 살기는 어렵지만 사랑은 하고 싶은 두 남자와 환경 문제 외에는 모든 것이 무감각한 여자까지… 갓생을 꿈꾸는 파리지앵 3인의 동상이몽 라이프가 시작된다!", "poster_path": "/9TeFE1wBWfJb9MiZYpuUbkHNxUm.jpg", "popularity": 21.016, "adult": false, "release_date": "2024-05-15", "is_latest": true, "is_popular": false, "genre_ids": [35], "likes_user": [], "store_user": []}}, {"model": "movies.movie", "pk": 22, "fields": {"title": "청춘 18X2 너에게로 이어지는 길", "overview": "18년 전의 대만 타이난. 노래방에서 아르바이트를 하는 고등학생 ‘지미’는, 배낭여행 중 잠시 일자리를 찾아 온 일본인 ‘아미’를 만난다. 천진난만한 그녀와 지내는 동안 풋풋한 첫사랑의 감정이 자라는 ‘지미’. 그러나, 돌연 ‘아미’가 귀국을 하게 되고 갑작스런 이별에 충격을 받은 ‘지미’에게 ‘아미’는 서로의 꿈을 이룬 뒤 다시 만나자는 약속을 하고 떠난다. 시간이 지나 현재. 타이페이에서의 성공한 삶에 지쳐 고향에 돌아온 ‘지미’는, 예전에 ‘아미’로부터 받은 그림엽서를 발견한다. 첫사랑의 기억이 되살아나고 그날의 약속을 지키기 위해 그녀가 나고 자란 일본으로의 여행을 결심하는 ‘지미’. 도쿄부터 가마쿠라, 나가노, 니가타 그리고 ‘아미’의 고향 타다미로 향하는 도중 예기치 않았던 소중한 만남을 되풀이하며 ‘지미’는 ‘아미’와 보냈던 그 여름의 나날들을 떠올린다. 이윽고 다다른 ‘아미’의 고향에서 ‘지미’가 알게 된 18년 전 ‘아미’의 진짜 마음이란...", "poster_path": "/6DEvozkU7JoHayFPHA7gsOoYi8C.jpg", "popularity": 20.814, "adult": false, "release_date": "2024-05-22", "is_latest": true, "is_popular": false, "genre_ids": [10749], "likes_user": [], "store_user": []}}, {"model": "movies.movie", "pk": 23, "fields": {"title": "낭인", "overview": "서핑 마니아들의 유토피아, 완안은 잘 알려지지 않은 곳이다. 동빈은 바닷가에 서핑용품 가게를 열고 다양한 손님을 맞고 있다. 샤오팡은 과거의 비밀을 숨기고, 위안용은 부모님의 보호를 벗어났으며, 양판은 미지의 세계로 나아갈 방향을 모색한다. 모호하고 진솔한 감정을 터뜨리며, 그들은 희미한 빛으로 서로를 비춘다. 그들의 비밀은 영원히 바다에 잠기게 될까, 아니면 서로의 기억 속에서 다른 버전으로 남게 될까?", "poster_path": "/5f1E66jECGCJvikdmhTzYUEeT2P.jpg", "popularity": 18.816, "adult": false, "release_date": "2024-05-17", "is_latest": true, "is_popular": false, "genre_ids": [18, 10749], "likes_user": [], "store_user": []}}, {"model": "movies.movie", "pk": 24, "fields": {"title": "골드핑거", "overview": "1980년대 홍콩 경제를 주무르던 황금제국 카르멘 그룹이 하루아침에 무너지고 그동안 자행됐던 불법들이 서서히 드러나며 2조 홍콩 달러에 달하는 대규모 수사가 시작된다. 불법으로 악명 높은 그룹의 수장 청, 그를 집요하게 쫓는 반부패 수사관 류치웬. 불꽃 튀는 대결 속, 오로지 한 사람만 살아남는다!", "poster_path": "/wee5eCGEN7NjuwN8bfCk2gSnhnH.jpg", "popularity": 18.418, "adult": false, "release_date": "2024-04-10", "is_latest": true, "is_popular": false, "genre_ids": [18, 80], "likes_user": [], "store_user": []}}, {"model": "movies.movie", "pk": 25, "fields": {"title": "기괴도", "overview": "영매사의 입지가 강력한 한 외딴 섬에서 VR 연구를 진행하던 중 어느 날부터 시스템 에러와 버그가 시작되더니 사람들의 불가사의한 죽음도 시작되면서 이를 파헤쳐나가기 시작하는 이야기", "poster_path": "/vO7iTytfBCUTm9rRXRMkBmOATaa.jpg", "popularity": 16.321, "adult": false, "release_date": "2024-05-01", "is_latest": true, "is_popular": false, "genre_ids": [27, 878, 9648], "likes_user": [], "store_user": []}}, {"model": "movies.movie", "pk": 26, "fields": {"title": "타이거스 네스트: 호랑이의 보디가드", "overview": "지진 재해로 인해 엄마를 잃은 소년 ‘발마니’는 고향인 카트만두로부터 멀리 떨어진 보육원에 살게 되고 친절하게 보살펴주는 선생님이 있지만 적응은 쉽지 않다. 어느 날, ‘발마니’는 잔혹한 밀렵꾼으로부터 엄마 호랑이를 잃은 아기 호랑이를 구해내고 이들을 피해 멀리 떨어진 안전한 곳으로 위험천만한 긴 여정을 떠난다. 강과 폭포를 건너고 드넓은 초원에 사는 유랑인들을 만나기도 하며 따뜻한 사람들, 자연과 동물에 도움을 받는 그들. 많은 어려움이 닥치지만 ‘발마니’와 새끼 호랑이 ‘무크티’ 사이에는 끈끈한 유대감과 두터운 신뢰가 쌓인다. 하지만 계속해서 밀렵꾼들로부터 ‘무크티’의 생존은 위협받고 급기야 ‘발마니’는 히말라야 높은 산 속에 ‘무크티’를 위한 새로운 터전을 마련해주기 위해 험난하고 먼 길과 극한의 날씨를 이겨내야 하는 모험을 하게 되는데… “이 거대한 자연이 부디 너에게 다정하길”", "poster_path": "/93SkInqU9oGsf1ktiFbAeaw3Ys7.jpg", "popularity": 13.177, "adult": false, "release_date": "2024-05-16", "is_latest": true, "is_popular": false, "genre_ids": [12, 10751], "likes_user": [], "store_user": []}}, {"model": "movies.movie", "pk": 27, "fields": {"title": "어쌔신: 드론 전쟁", "overview": "드론 조종사로 일하던 남편 세바스찬이 임무 중 당한 사고로 혼수상태에 빠지고 아내 알렉사는 사건의 진상을 파헤치기 위해 그가 근무하던 회사로 향한다. 그리고 그곳에서 남편이 조종한다던 드론이 비행 물체가 아닌 사람의 육체라는 충격적인 사실을 마주하게 된다. 내가 저지른 범죄를 타인에게 뒤집어 씌울 수 있는 세상, 남편이 당한 사고의 진실을 파헤치기 위해 알렉사는 직접 타인의 몸에 들어가 그에게 해를 가한 범죄자를 처단하고 남편을 되찾으려고 하는데…", "poster_path": "/wLI84Fwbu2oGQYwxW09g5ExzINj.jpg", "popularity": 12.815, "adult": false, "release_date": "2024-04-16", "is_latest": true, "is_popular": false, "genre_ids": [28, 53, 80, 878], "likes_user": [], "store_user": []}}, {"model": "movies.movie", "pk": 28, "fields": {"title": "에로티즘 시나리오", "overview": "5년째 영화를 찍지 못하고 있는 핑크 영화 감독 쿠타니는 월세를 낼 돈조차 없어 집주인을 찾아가고 그는 월세를 감면해 주는 대신 건물에서 한 남자, 이세키를 쫓아내달라고 한다. 구타니는 이세키를 쫓아내기 위해 빌라로 찾아가지만, 뜻하지 않게 그와 많은 이야기를 나누게 된다. 이세키는 자신의 첫 경험 상대이자 여자 친구의 이야기를 시작하고, 구타니는 자신의 친구와 동반 자살한 동거녀, 쇼코의 이야기를 시작하는데…", "poster_path": "/cYTU019gFkhECcyahWNObsd88eB.jpg", "popularity": 12.716, "adult": false, "release_date": "2024-05-02", "is_latest": true, "is_popular": false, "genre_ids": [18], "likes_user": [], "store_user": []}}, {"model": "movies.movie", "pk": 29, "fields": {"title": "북극백화점의 안내원", "overview": "동물들을 고객으로 모시는 북극백화점. 깐깐한 플로어 매니저와 선배들의 감시에 주눅 들지 않을 만큼 유능한 견습생 아키노는 노련한 컨시어지로 거듭나기 위해 무수한 고객들의 요청과 문제를 해결하느라 바쁘다.", "poster_path": "/rX6pMXoDFJ8WueAg9o7f12bUwdR.jpg", "popularity": 10.71, "adult": false, "release_date": "2024-05-19", "is_latest": true, "is_popular": false, "genre_ids": [14, 16], "likes_user": [], "store_user": []}}, {"model": "movies.movie", "pk": 30, "fields": {"title": "힙노시스: LP 커버의 전설", "overview": "핑크 플로이드, 레드 제플린, 폴 매카트니, 피터 가브리엘 등, 세계 최고 뮤지션들의 앨범 커버를 만든 디자인 스튜디오 ‘힙노시스’. 영감에 한계가 없던 두 천재 디자이너들의 무모한 작업 스토리와 시대의 아이콘이 된 명반 탄생 비하인드.", "poster_path": "/fhqORl8T9JSbOCxXAKZhQ1SyvJo.jpg", "popularity": 10.329, "adult": false, "release_date": "2024-05-01", "is_latest": true, "is_popular": false, "genre_ids": [99, 10402], "likes_user": [], "store_user": []}}, {"model": "movies.movie", "pk": 31, "fields": {"title": "차이콥스키의 아내", "overview": "19세기 러시아 모스크바 귀족 가문 출신의 안토니나. 러시아 최고의 작곡가 차이콥스키, 그를 처음 봤던 날부터 원하는 건 단 하나. 그의 명성도, 소문 따위도 중요치 않았다. 오직 차이콥스키의 아내, 당신 곁에서 끝까지 이 사랑을 지키겠습니다.", "poster_path": "/fdqplu7IxqscJabAtikNy6MTLhW.jpg", "popularity": 10.181, "adult": false, "release_date": "2024-05-01", "is_latest": true, "is_popular": false, "genre_ids": [18, 53, 136, 10749], "likes_user": [], "store_user": []}}, {"model": "movies.movie", "pk": 32, "fields": {"title": "극장판 울려라! 유포니엄: 앙상블 콘테스트", "overview": "키타우지 고등학교 관악부의 새로운 부장이 된 ‘쿠미코’. 아직 모든 것이 어색한 가운데 전국 앙상블 콘테스트 대표팀 오디션을 맡게 된다. 부원들은 용기를 더해주지만, 정작 ‘쿠미코’는 자신의 팀은 구하지 못한 채 부장으로서의 임무와 콩쿠르 연습에 대한 부담감을 동시에 짊어지게 되는데…", "poster_path": "/rKzLBPompOCqMf6N6m3zJpGDyco.jpg", "popularity": 9.926, "adult": false, "release_date": "2024-04-17", "is_latest": true, "is_popular": false, "genre_ids": [16, 18, 10402], "likes_user": [], "store_user": []}}, {"model": "movies.movie", "pk": 33, "fields": {"title": "목화솜 피는 날", "overview": "10년 전 참혹한 사고로 '경은'을 잃고 기억을 점차 잃어가는 '병호'. 무기력함에 갇혀있던 아내 '수현'은 고통을 견디느라 이를 외면한다. 어느 날, 묵묵히 견디던 첫째 딸 '채은'의 참아왔던 두려움이 터져 나온다. 각자의 방식으로 '경은'을 기억하며 아픔을 묻던 그들은 멈춰버린 세월을 다시 되찾고자 한다.", "poster_path": "/266Hns8JasqOtE0IBz9xjKk3N27.jpg", "popularity": 9.516, "adult": false, "release_date": "2024-05-22", "is_latest": true, "is_popular": false, "genre_ids": [18], "likes_user": [], "store_user": []}}, {"model": "movies.movie", "pk": 34, "fields": {"title": "슈가│어거스트 디 투어 ‘디-데이’ 더 무비", "overview": "10개 도시, 25회 공연, 29만여 명의 관객을 동원한 월드투어 대장정의 피날레이자  수많은 관중이 뜨겁게 열광했던 ‘SUGA | Agust D TOUR 'D-DAY' THE FINAL(슈가│어거스트 디 투어 디 데이 더 파이널)’  ‘21세기 팝 아이콘’ 방탄소년단 멤버 슈가, 솔로 아티스트 Agust D(어거스트 디)의 경계를 넘나드는 풍성한 음악, 화려한 퍼포먼스, 폭발적 에너지  그리고 방탄소년단 멤버 RM, 지민, 정국과 함께한 특별한 듀엣 무대까지  ‘D-DAY’ THE FINAL, 그 날의 뜨거운 열기와 전율을 스크린에서 만난다!", "poster_path": "/9yl5KR0eirBtIDRa3qPRHQZ1XxK.jpg", "popularity": 8.914, "adult": false, "release_date": "2024-04-10", "is_latest": true, "is_popular": false, "genre_ids": [99, 10402], "likes_user": [], "store_user": []}}, {"model": "movies.movie", "pk": 35, "fields": {"title": "여행자의 필요", "overview": "어디서 온지 모르는 이 사람은 불란서에서 왔다고 하고, 어린애 피리를 근린공원에서 열심히 불고 있었습니다. 돈도 없고 어떻게 살지 몰라해 불어를 가르쳐보라 권했고, 그렇게 두 명의 한국여자들에게 선생이 되었습니다. 땅에 맨발로 걷는 것을 좋아하고, 돌에 누워있는 걸 좋아하고, 힘이 되는 때 순간 순간을 비언어적으로 바라보려하고, 최대한 사실에 근거한 삶을 살려고 애씁니다. 그래도 사는 건 변함없이 고되고, 매일 막걸리에 의존하며 조금의 편안함을 얻습니다.", "poster_path": "/fNhyJp2fy47vg66LZ8aA2b0tsVQ.jpg", "popularity": 8.772, "adult": false, "release_date": "2024-04-24", "is_latest": true, "is_popular": false, "genre_ids": [18], "likes_user": [], "store_user": []}}, {"model": "movies.movie", "pk": 36, "fields": {"title": "미지수", "overview": "헤어진 연인을 사무치게 그리워하는 ‘지수’. 실수로 사람을 죽이고 붕괴 직전인 ‘우주’. 우주선 발사 뉴스에 집착하는 ‘기완’. 비가 오면 발작하는 남편 때문에 괴로운 ‘인선’. 베란다에 장총을 두고 살아가는 ‘신애’. “나 혼자 우주를 떠다니고 있어. 나 좀 꺼내줘”. 삶의 궤도에서 이탈한 다섯 인물들의 미지의 슬픔 그리고 미지의 시간.", "poster_path": "/2T0QOocJGfJj1jFZ9ESDDF4CcED.jpg", "popularity": 7.792, "adult": false, "release_date": "2024-05-08", "is_latest": true, "is_popular": false, "genre_ids": [18], "likes_user": [], "store_user": []}}, {"model": "movies.movie", "pk": 37, "fields": {"title": "극장판 실바니안 패밀리: 프레야의 선물", "overview": "세상 어느 곳보다도 행복한 실바니안 마을. 올해도 실바니안 마을에 1년에 한 번 있는 별 축제가 찾아온다. 모두가 설레는 마음으로 기다리고 있는 가운데 초콜릿 토끼 소녀 프레야는 고민 중이다. 축제날은 엄마 생신인데 어떤 선물을 할지 전혀 떠오르지 않는 프레야. 게다가, 축제의 메인 이벤트인 \"올해의 나무\"를 선택해야 하는 중대한 임무까지 맡게 된다. 과연, 프레야가 찾아낸, 모두를 행복하게 하는 최고의 선물이란?", "poster_path": "/jGdZlu0tBsW9U6AcLp8rn345NwR.jpg", "popularity": 7.385, "adult": false, "release_date": "2024-05-01", "is_latest": true, "is_popular": false, "genre_ids": [16, 10751], "likes_user": [], "store_user": []}}, {"model": "movies.movie", "pk": 38, "fields": {"title": "유코의 평형추", "overview": "여고생 괴롭힘 자살 사건을 쫓고 있던 다큐멘터리 감독 유코는, 방송국과의 대립을 반복하면서도 사건의 진상에 다가가고 있다.  그러던 어느 날, 유코는 입시학원을 운영하는 아버지가 일으킨 '어떤 행동'을 알게 되고 충격을 받는다.  '올바름'이란 무엇인가?  다큐멘터리 작가로서 항상 진실을 밝히고 싶다는 신념에 사로잡혀 온 유코는, 궁극의 선택을 강요받는다.", "poster_path": "/dqwz62r3vLJRfjEuHSa5WNTPfLB.jpg", "popularity": 6.551, "adult": false, "release_date": "2024-05-01", "is_latest": true, "is_popular": false, "genre_ids": [18], "likes_user": [], "store_user": []}}, {"model": "movies.movie", "pk": 39, "fields": {"title": "8일 만에 죽은 괴수의 12일 이야기", "overview": "2020년, 전 세계를 덮친 코로나 바이러스 감염 확산 시국에 사토 타쿠미는 ‘캡슐 괴수'를 인터넷으로 주문하여 키우기 시작한다. 괴물은 자라서 '코로나 바이러스를 물리쳐 달라’는 소망을 품고, 타쿠미는 동료들에게 화상 채팅을 통해 괴수를 소개하기 시작한다. 괴수에 대해서 능통한 지인, 히구치 감독에게 노하우를 물어가며, 매일 괴수를 키워가는 타쿠미. 과연 타쿠미는 괴수를 잘 성장시킬 수 있을 것인가? 그리고 그 괴수는 코로나를 해치워줄 것인가?", "poster_path": "/9o3ys47pZIKZTUsco2nVk8XTXEp.jpg", "popularity": 6.496, "adult": false, "release_date": "2024-05-16", "is_latest": true, "is_popular": false, "genre_ids": [878], "likes_user": [], "store_user": []}}, {"model": "movies.movie", "pk": 40, "fields": {"title": "정순", "overview": "하루아침에 평화로운 일상을 빼앗긴 정순. 딸 유진을 비롯한 모두가 정순을 대신해 분노할 때, 그녀는 여전히 곧고 다정하게 정순다운 내일을 시작하려 한다.", "poster_path": "/lqwUQah1FZq4yuxdQ4BY9SYWMdu.jpg", "popularity": 6.423, "adult": false, "release_date": "2024-04-17", "is_latest": true, "is_popular": false, "genre_ids": [18], "likes_user": [], "store_user": []}}, {"model": "movies.movie", "pk": 41, "fields": {"title": "은하수", "overview": "커플인 은수와 은하는 잘나가는 음반 제작사에서 자신들의 개성을 부르짖기 위하여 무작정 뛰쳐나와 동은과 함께 은하수 밴드를 결성한다. 그러던 중 생활비를 벌기 위해 코인투자하던 동은은 밴드의 협치금까지 건드려 한순간에 날려버린다. 화가 난 은수와 은하는 동은의 기타를 중고장터에 팔아버리고, 그 순간 동은이 돈을 갖고 등장한다. 자신에게 큰 의미를 지닌 기타를 찾기 위해 은하, 은수와 함께 기타를 구매한 사람들의 삶을 마주하게 되면서 음악에 진심을 담기 위한 진정성이 무엇인지를 깨닫게 된다. 기타는 동은에게 어떤 의미이고, 그 셋은 기타를 찾기 위해 어떤 여정을 떠나게 될까?", "poster_path": "/vcxWz6WOnjQzAnsGzg5BMCFhB24.jpg", "popularity": 6.152, "adult": false, "release_date": "2024-04-10", "is_latest": true, "is_popular": false, "genre_ids": [18, 10402], "likes_user": [], "store_user": []}}, {"model": "movies.movie", "pk": 42, "fields": {"title": "어게인 1997", "overview": "스턴트맨 40대 가장 ‘우석’은 배우의 꿈을 접게 만든 얼굴의 흉터가 생기기 전, 인생에서 제일 잘 나가던 1997년 고등학교 그 시절로 돌아가고만 싶다. 어느 날, 이름 모를 한 스님을 도와주고 인생을 바꿔준다는 5장의 부적을 구입하고 우연처럼 촬영 중 자동차가 절벽에서 추락하는 사고로 그토록 갈망하던 1997년 고등학생 ‘우석’으로 깨어난다! 쓰레기 같은 아빠, 아들, 남편이었던 지난 인생 1회차를 개조하기 위한 프로젝트는 이제부터 시작이다. 일진생활 청산, 착실한 학업태도, 미안하기만 한 미래의 내 아내 ‘지민’에게서 멀리 떨어지기… 짱이었던 친구가 꼰대가 되었다고 질타하는 ‘봉균’ & ‘지성’아, 미안~ 그런데 왜 ‘그 때’ 그 일이 또 다시 일어날 것만 같은 이 기분은 뭐지?", "poster_path": "/iu3G5wHqZvozoOLAxZdEqXLt6Ft.jpg", "popularity": 5.464, "adult": false, "release_date": "2024-04-10", "is_latest": true, "is_popular": false, "genre_ids": [14, 18, 35], "likes_user": [], "store_user": []}}, {"model": "movies.movie", "pk": 43, "fields": {"title": "늦더위", "overview": "동주는 8년 넘게 공무원 시험을 준비했지만 번번이 떨어진다. 스스로 마지막이라 여겼던 해에도 결국 시험에 떨어지자 동주는 앞으로 어떻게 해야 할지 몰라 막막하다. 주변의 걱정과 관심마저도 본인을 향한 압박처럼 느껴진 동주는 도망치듯 서울을 떠난다. 계획 없이 오른 여행길, 동주는 결혼을 앞둔 전 여자친구, 오랜만에 재회한 군대 동기와 어린 시절 친구들을 만나며 자신의 삶을 되돌아본다. 남들은 가을을 맞이해 결실을 맺는 동안 혼자만의 여름에 머물러 있는 동주는 여행에서 어떤 마음을 남겼을까?", "poster_path": "/uIOzFaZFippBpOykrFXljIJwjsu.jpg", "popularity": 5.018, "adult": false, "release_date": "2024-05-22", "is_latest": true, "is_popular": false, "genre_ids": [18], "likes_user": [], "store_user": []}}, {"model": "movies.movie", "pk": 44, "fields": {"title": "사랑은 빛", "overview": "'사랑을 하는 여성에게는 빛이 보인다'  특이한 체질을 가진 대학생 사이조. 연애와는 거리가 먼 그는 어느 날, '사랑이라는 것을 알고 싶다'라고 말하는 문학소녀 시노노메에게 첫눈에 반해 '사랑의 정의'를 나누는 교환일기를 시작한다. 그들의 모습에 사이조를 짝사랑 해온 소꿉친구 키타시로의 마음은 술렁인다.  그들은 수천 년 동안 인류가 고민해 온 '사랑'을 풀 수 있을까? 그리고 각각의 사랑의 행방은 어떻게 될 것인가?", "poster_path": "/s9hlExZSZG7cgZF25MpHm11hVgK.jpg", "popularity": 4.437, "adult": false, "release_date": "2024-04-16", "is_latest": true, "is_popular": false, "genre_ids": [10749], "likes_user": [], "store_user": []}}, {"model": "movies.movie", "pk": 45, "fields": {"title": "포켓몬스터: 성도지방 이야기, 최종장", "overview": "결승 토너먼트에서 만난 숙명의 라이벌, ‘지우’ vs ‘바람’!  성도지방에서 8개의 배지를 모두 모아 은빛대회에 참가한 ‘지우’ 결승 토너먼트에서 숙명의 라이벌, ‘바람’을 마주한다.  “이 ‘바람’님의 라이벌이 되기엔 물 건너가도 한~참 물 건너간 것 같은데?”  언제나 ‘지우’를 얕보며 한 발짝 앞서 나갔던 ‘바람’이지만 포켓몬을 향한 열정이라면 ‘지우’도 지지 않는다.  태초마을을 떠날 때부터 포켓몬마스터의 꿈을 꾼 두 사람 수많은 모험과 만남으로 쌓아온 각자의 성과를 성도리그에서 확인하게 된다. 과연 이 배틀의 승자는…?", "poster_path": "/yhSyHc8dyFFu2flWizVmxWVhuLt.jpg", "popularity": 3.015, "adult": false, "release_date": "2024-05-01", "is_latest": true, "is_popular": false, "genre_ids": [12, 14, 16, 10751], "likes_user": [], "store_user": []}}, {"model": "movies.movie", "pk": 46, "fields": {"title": "토스카", "overview": "성당에서 성모 마리아의 초상화를 그리던 화가 카바라도시는 자기 친구이자 쫓기는 정치범 안젤로티를 숨겨준다. 경시총감 스카르피아는 카바라도시를 범인 은닉으로 연행하고, 평소 마음에 담고 있던 그의 연인 토스카를 차지하고자 카바라도시를 제거하고자 한다. 스카르피아는 토스카에게 카바라도시의 목숨을 건 제안을 하는데…", "poster_path": "/8K7W5OW6FLbQMJZdiXbTKBlEqjX.jpg", "popularity": 2.368, "adult": false, "release_date": "2024-04-18", "is_latest": true, "is_popular": false, "genre_ids": [10402], "likes_user": [], "store_user": []}}, {"model": "movies.movie", "pk": 47, "fields": {"title": "모르는 이야기", "overview": "척추질환의 고통에서 벗어나기 위해 진통제에 의존하는 기은과 기언은 환상적이고 매혹적인 꿈의 세계에 홀리듯 빠져든다 그 단꿈속에서 수많은 사람들을 만난 둘은 가장 깊은 꿈에서 비로소 진짜 자신과 마주한다.", "poster_path": "/d23BVKVNGhnO1JFwa5ok0CGx2Sp.jpg", "popularity": 2.187, "adult": false, "release_date": "2024-04-24", "is_latest": true, "is_popular": false, "genre_ids": [12, 14, 18], "likes_user": [], "store_user": []}}, {"model": "movies.movie", "pk": 48, "fields": {"title": "에스파: 월드 투어 인 시네마", "overview": "2023년 21개 도시에서 전 세계 관객을 사로잡은  글로벌 히트메이커 에스파의 첫 번째 월드 투어 ‘aespa LIVE TOUR 2023 SYNK : HYPER LINE’  그 대단원의 마지막 마침표를 찍을 무대가 극장에서 펼쳐진다.  월드투어의 마지막 챕터를 장식할 공연 실황 영화 는  영국 런던의 세계적인 공연장 O2 아레나의 뜨거웠던 현장을  14대의 시네마틱 카메라로 생생하게 담아냈다.  오직 영화에서만 만날 수 있는 월드 투어 비하인드 인터뷰 뿐만 아니라  ‘Next Level’, ‘Black Mamba’, ‘Savage’ 등 메가 히트곡과  MY들의 뜨거운 반응을 얻은 ‘Salty & Sweet’, ‘도깨비불 (Illusion)’,  그리고 멤버 4인의 솔로 무대를 포함한 풍성한 공연 셋리스트까지!  매 활동마다 NEXT LEVEL로 나아가는 글로벌 아티스트 에스파의 독보적 퍼포먼스와  월드 투어의 현장감을 ScreenX, 4DX, ULTRA 4DX 특별관  그리고 압도적인 스크린으로 경험한다.", "poster_path": "/AwzvmZXw5JwEAmuztkltRLISaeo.jpg", "popularity": 2.173, "adult": false, "release_date": "2024-04-10", "is_latest": true, "is_popular": false, "genre_ids": [99, 10402], "likes_user": [], "store_user": []}}, {"model": "movies.movie", "pk": 49, "fields": {"title": "가로수길 이봄씨어터", "overview": "‘이봄씨어터’에서 자신의 영화로 기획전을 열어주는 것에 감동해 극장으로 향하는 이 감독. 영화 제작자지만 최근 자금 조달에 어려움을 겪고 있는 영화제작자 최 대표. 이 감독 영화에서 눈에 띄어 최근 주목받는 여배우가 된 윤희, 그리고 무명배우들. 이 감독의 영화를 저격하기 위해 발걸음을 옮기는, 자신만의 영화평을 쓰는 영화광 김프로. 각자의 사연을 가지고 극장으로 모인 영화인들 어수선한 분위기에 기획전이 시작되고… 영화 상영 후 각자 만의 입장을 내세우며 대립하게 되는데…", "poster_path": "/lz83NHq7VMKvdJ4Xy2qSkNXDhDp.jpg", "popularity": 2.043, "adult": false, "release_date": "2024-05-01", "is_latest": true, "is_popular": false, "genre_ids": [18], "likes_user": [], "store_user": []}}, {"model": "movies.movie", "pk": 50, "fields": {"title": "드라이브", "overview": "어느 여름과 겨울, 그리고 가을에 우연히 만나는 어떤 여자와 남자그리고 자동차에 대한 이야기와 기억들. * EP 1 원하지 않는 타이밍에 버려진 자동차를 처리해야 되는 이선. 하이힐과 먼지 그리고 지나가는 학생들 사이에서 자동차를 직접 세차하고 중고차 딜러 상호와의 대화 중에 자동차 안에 밀봉되어 있던 지난 기억들을 떠올린다. * EP 2 탁송 기사 태현은 수취인 소희에게 자동차를 전달하러 지방출장을 떠나지만, 수취인도 수령 거부, 발송인도 자동차 수령을 거부하면서 마치 타임리프에 빠진 남녀 주인공들 사이에서 탁송 기사가 타임루프에 갇혀버린 상황이 된다. * EP 3 영화 배우 지현이 촬영현장으로 가는 길에, 그녀의 전 남친 문호는 친구 상현을 자동차와 함께 보내면서 둘 사이에 켜켜이 쌓인 연애의 감정이 드라이브와 함께 펼쳐진다.", "poster_path": "/uenlfFVZYG9qxbMJpWxXm78vCCp.jpg", "popularity": 1.912, "adult": false, "release_date": "2024-04-24", "is_latest": true, "is_popular": false, "genre_ids": [18, 10749], "likes_user": [], "store_user": []}}, {"model": "movies.movie", "pk": 51, "fields": {"title": "돌들이 말할 때까지", "overview": "여기 지금으로서는 상상하기 어려운 시대를 살아온 다섯 명의 여성이 있다. 1940년대 후반, 스무 살 내외의 젊은이로 제주 4.3을 겪는 와중에, 그중 네 사람은 심지어 재판도 없이 전주형무소로 보내져 감옥생활까지 해야 했다. 다섯 명의 할머니들이 겪었던 4.3의 이야기를 들어보면, 4.3은 단지 과거에만 머물러 있는 일이 아니었고 당시 제주도에 국한된 일만도 아니었다. 4.3이 일어난 지 70여 년이 지나서야 비로소 제주4.3도민연대에서 준비한 재심 재판을 통해 이분들의 무죄가 인정되었다.", "poster_path": "/8jhZaDMHuOlNhSuz4OHJnHLjQ1e.jpg", "popularity": 1.449, "adult": false, "release_date": "2024-04-17", "is_latest": true, "is_popular": false, "genre_ids": [99], "likes_user": [], "store_user": []}}, {"model": "movies.movie", "pk": 52, "fields": {"title": "보티첼리. 피렌체와 메디치", "overview": "살바도르 달리에서 앤디 워홀, 데이비드 라샤펠, 제프 쿤스, 레이디 가가에 이르기까지 그 누구도 보티첼리의 영원한 열정과 그의 작품들에서 받은 영향을 부정할 수 없다. 메디치 가문의 후원을 받으며 경력을 시작할 때부터, 산드로 보티첼리(1445~1510)는 스스로를 “이상적 아름다움의 발명가”라고 자처했는데, 이러한 그의 표현의 절정은 “봄”과 “비너스의 탄생\"과 같은 그의 작품들에서 발견될 수 있다.", "poster_path": "/yKlyBlCKrNHZm6kkpGFmSrru0I7.jpg", "popularity": 1.371, "adult": false, "release_date": "2024-04-24", "is_latest": true, "is_popular": false, "genre_ids": [99], "likes_user": [], "store_user": []}}, {"model": "movies.movie", "pk": 53, "fields": {"title": "땅에 쓰는 시", "overview": "도심 속 선물과도 같은 선유도공원부터  국내 최초의 생태공원 여의도 샛강생태공원,  과거와 현재를 잇는 경춘선 숲길까지···  우리 곁을 지키는  아름다운 정원을 탄생시키며  한국적 경관의 미래를 그리는 조경가 정영선  공간과 사람 그리고 자연을 연결하는  그의 사계절을 만나다", "poster_path": "/dxR8fWoqC56T66URAc0KY7oMrlN.jpg", "popularity": 1.354, "adult": false, "release_date": "2024-04-17", "is_latest": true, "is_popular": false, "genre_ids": [99], "likes_user": [], "store_user": []}}, {"model": "movies.movie", "pk": 54, "fields": {"title": "패러렐: 코스프레 살인마", "overview": "어린 시절 부모에게 받은 학대로 트라우마를 가지고 있는 '마이'. 특별한 목적의식 없는 그녀의 일상은 그저 유흥뿐이다. 그러던 어느 날 ‘마이’ 앞에 나타난 '미키오'라는 한 남자. 처음에는 호기심이었던 그를 향한 감정은 점차 사랑으로 발전하고, 의도적으로 ‘마이’에게 접근했던 ‘미키오’ 또한 그녀에게 이끌리게 된다. 그런데 사실 '미키오’의 정체는 엽기적인 범죄 방식으로 미디어를 뜨겁게 달구는 희대의 코스프레 살인마였는데... 과연 이 사랑은 지속될 수 있을까?", "poster_path": "/A68j7nyChbMcTHA6SaalNEI7Rqu.jpg", "popularity": 1.317, "adult": false, "release_date": "2024-04-25", "is_latest": true, "is_popular": false, "genre_ids": [27, 53], "likes_user": [], "store_user": []}}, {"model": "movies.movie", "pk": 55, "fields": {"title": "고질라 X 콩: 뉴 엠파이어", "overview": "고질라 X 콩, 이번에는 한 팀이다! ‘고질라’ VS ‘콩’, 두 타이탄의 전설적인 대결 이후 할로우 어스에 남은 ‘콩’은 드디어 애타게 찾던 동족을 발견하지만 그 뒤에 도사리고 있는 예상치 못한 위협에 맞닥뜨린다. 한편, 깊은 동면에 빠진 ‘고질라’는 알 수 없는 신호로 인해 깨어나고 푸른 눈의 폭군 ‘스카 킹’의 지배 아래 위기에 처한 할로우 어스를 마주하게 된다. 할로우 어스는 물론, 지구상에도 출몰해 전세계를 초토화시키는 타이탄들의 도발 속에서 ‘고질라’와 ‘콩’은 사상 처음으로 한 팀을 이뤄 반격에 나서기로 하는데…", "poster_path": "/4z1VMmlxHrziG45901esjB4dpIa.jpg", "popularity": 8350.714, "adult": false, "release_date": "2024-03-27", "is_latest": false, "is_popular": true, "genre_ids": [12, 28, 878], "likes_user": [], "store_user": [1]}}, {"model": "movies.movie", "pk": 56, "fields": {"title": "고질라: 마이너스 원", "overview": "고질라 탄생 70주년 기념 작품. 시리즈 사상 최악의 절망이 일본을 습격한다!  전후, 제로가 된 일본을 뒤쫓듯 나타난 고질라가 이 나라를 마이너스로 떨어뜨린다.  사상 최고로 절망적인 상황 속에서의 습격에 누가? 그리고 어떻게?  일본은 맞서게 되는 것인가...", "poster_path": "/buvBq2zLP7CcJth8tjrI4znvfEO.jpg", "popularity": 1421.112, "adult": false, "release_date": "2023-11-03", "is_latest": false, "is_popular": true, "genre_ids": [27, 28, 878], "likes_user": [], "store_user": []}}, {"model": "movies.movie", "pk": 57, "fields": {"title": "듄: 파트 2", "overview": "황제의 모략으로 멸문한 가문의 유일한 후계자 폴. 어머니 레이디 제시카와 간신히 목숨만 부지한 채 사막으로 도망친다. 그곳에서 만난 반란군들과 숨어 지내다 그들과 함께 황제의 모든 것을 파괴할 전투를 준비한다. 한편 반란군들의 기세가 높아질수록 불안해진 황제와 귀족 가문은 잔혹한 암살자 페이드 로타를 보내 반란군을 몰살하려 하는데…", "poster_path": "/8uUU2pxm6IYZw8UgnKJyx7Dqwu9.jpg", "popularity": 1073.912, "adult": false, "release_date": "2024-02-27", "is_latest": false, "is_popular": true, "genre_ids": [12, 878], "likes_user": [], "store_user": [1]}}, {"model": "movies.movie", "pk": 58, "fields": {"title": "블랙 로터스", "overview": "마테오는 인질 구출 작전 중, 상사 존의 명령을 무시하고 팀원들을 위기에 몰아넣는다. 그들은 가까스로 인질범들을 소탕하지만, 인질로 위장하고 있던 범인 중 한 명이 존을 사살한다. 그 후 마테오는 전역하고 전 세계를 떠돌며 일용직으로 근근히 살아간다. 존이 세상을 떠난 지 5년이 되던 날, 마테오는 존의 아내 헬렌을 찾아가 사과한다. 헬렌은 홀로 딸 앤지를 키우다가 투자 회사 사장 폴과 작년에 재혼을 했다. 딱히 묵을 곳이 없던 마테오는 헬렌의 집에서 며칠 묵기로 하고, 그의 딸 앤지와 친해진다. 한편, 폴은 폭력조직의 두목 개브리얼 사반의 돈을 관리하다가 투자를 잘못해 1,500만 유로를 날려 버린다. 사반은 돈을 찾아내라며 폴을 압박하고, 폴이 변명만 늘어놓자, 그의 딸 앤지를 납치한다. 이에 마테오는 앤지를 찾아 나서는데…", "poster_path": "/jqHaAESQIA6bpEwPnE2Wulba40D.jpg", "popularity": 988.861, "adult": false, "release_date": "2023-04-12", "is_latest": false, "is_popular": true, "genre_ids": [28, 53, 80, 9648], "likes_user": [], "store_user": []}}, {"model": "movies.movie", "pk": 59, "fields": {"title": "킹 VS. 머신킹", "overview": "NASA는 거대 유인원 아브라함을 모델로 힘과 규모에서 아브라함에 버금가는 기계 유인원을 설계한다. 하지만 첫 번째 실험 결과가 좋지 않게 나오자 미 국방성에서는 난폭한 기계 유인원을 막기 위해 감옥에 갇힌 아브라함을 석방하도록 지시한다. 한편 볼로드레츠카 외국 정보부는 기계 유인원에 핵탄두를 부착해 기계 유인원의 시스템을 교란시켜 미국 시카고를 날려버릴 계략을 꾸민다. 이를 막기 위해 NASA의 관계자들은 아브라함과 소통하는 방법을 통해 기계 유인원을 막으려 하는데....", "poster_path": "/dJaIw8OgACelojyV6YuVsOhtTLO.jpg", "popularity": 785.725, "adult": false, "release_date": "2023-03-24", "is_latest": false, "is_popular": true, "genre_ids": [28, 878], "likes_user": [], "store_user": []}}, {"model": "movies.movie", "pk": 60, "fields": {"title": "너란 개념", "overview": "세상에서 가장 섹시한 보이밴드 어거스트 문의 리드 싱어인 24세 헤이스 캠벨(니컬러스 갈리친)과 40세 싱글 맘 솔렌(앤 해서웨이)이 펼치는 뜻밖의 로맨스에 관한 이야기", "poster_path": "/6x9gZWCqEGYObUCJPjTKFT2LNqA.jpg", "popularity": 693.52, "adult": false, "release_date": "2024-05-02", "is_latest": false, "is_popular": true, "genre_ids": [18, 35, 10749], "likes_user": [], "store_user": []}}, {"model": "movies.movie", "pk": 61, "fields": {"title": "오펜하이머", "overview": "제2차 세계대전 당시 핵무기 개발을 위해 진행되었던 비밀 프로젝트 ‘맨해튼 프로젝트’를 주도한 미국의 물리학자 ‘로버트 오펜하이머’의 이야기", "poster_path": "/jpD6z9fgNe7OqsHoDeAWQWoULde.jpg", "popularity": 596.035, "adult": false, "release_date": "2023-07-19", "is_latest": false, "is_popular": true, "genre_ids": [18, 136], "likes_user": [], "store_user": []}}, {"model": "movies.movie", "pk": 62, "fields": {"title": "혹성탈출: 반격의 서막", "overview": "치명적인 바이러스 시미안 플루로 인류가 거의 멸망하고 소수만이 살아남은 시대. 유인원들은 도시를 떠나 숲에서 그들의 세상을 만들었다. 도시는 폐허가 되었고, 10년간 인간과 유인원은 서로 다른 공간에 머물며 마주치지 않고 살아왔기 때문에 유인원들은 인간이 멸종한 것이 아닐까 추정하고 있다. 그 평화가 깨진 것은 도시의 비상전력이 다 소진되면서부터. 전력 공급을 위해서는 유인원이 거주하는 숲에 있는 댐을 재가동해야 한다. 우연히 두 존재가 마주치게 되자, 유인원과 인간은 평화를 지킬 것인가 무력을 써서 주도권을 가져야 하나를 두고 내부 마찰을 겪는데...", "poster_path": "/39kIGCP0mvRc9IZC1oJuIaJOaAb.jpg", "popularity": 657.393, "adult": false, "release_date": "2014-07-08", "is_latest": false, "is_popular": true, "genre_ids": [18, 28, 53, 878], "likes_user": [], "store_user": []}}, {"model": "movies.movie", "pk": 63, "fields": {"title": "노 웨이 업", "overview": "멕시코 휴양지로 가는 비행기  하지만 비행기의 엔진 문제로 사고가 발생하고 깊은 바닷속으로 추락한다.  주지사의 딸 ‘에이바’와 경호원 ‘브랜드’, 남자친구 ‘제드’, ‘카일’ 그리고 어린 소녀 ‘로자’와 할머니, 승무원 ‘다닐로’까지 단 7명만이 살아남지만 비행기 에어포켓 안 공기가 떨어지면서 점점 깊이 가라앉는다  생존 시간은 턱 끝까지 차오르고 상어 떼마저 이들을 위협하는데…", "poster_path": "/2NGWNTGLrOsoblP5cDpmsvMfKJE.jpg", "popularity": 710.012, "adult": false, "release_date": "2024-01-18", "is_latest": false, "is_popular": true, "genre_ids": [27, 28, 53], "likes_user": [], "store_user": []}}, {"model": "movies.movie", "pk": 64, "fields": {"title": "트리플 엑스", "overview": "싸이렌이 온 거리를 울려 퍼지며 요란한 추격씬이 벌어지는 도중 한 녀석이 콜벳를 몰고 다리를 돌진, 200미터 높이에서 자동차 번지를 시도한다. 짜릿한 곡예를 선보인 후 낙하산을 펴고 유유히 사라지는 녀석의 이름은 '젠더 케이지'. 인터넷에 생방송된 이 장면은 전세계 네티즌들에게 열렬한 환호를 받는다. 또 한 번의 멋진 프로젝트로 영웅 대접을 받는 젠더 케이지. 그러나 파티가 무르익을 무렵, 갑자기 들이닥친 특수부대는 그에게 신경 안정제를 쏜 후 잠들게 한다. 깨어난 곳은 알 수 없는 레스토랑. 어리둥절한 그 곳은 갑자기 강도들의 침입장으로 돌변하고, 단숨에 상황을 정리해버린 그에게 기븐스가 축하 인사를 전한다. 미국 비밀첩보국 NSA의 1차 테스트를 통과한 것. 이후 또 다시 잠에서 깨어난 곳은 비행기 안. 2번째 테스트로 콜럼비아 마약 밀매상의 아지트에 던져진 젠더 케이지. 때마침 콜럼비아 정부와 마약상들의 충돌로 아수라장이 된 그곳에서 살아남기 위한 치열한 전쟁이 펼쳐지는데...  상황종료 후 유유히 나타난 기븐스는 NSA의 테스트를 유일하게 통과한 그에게 비밀요원이 되어줄 것을 부탁한다. 단 그렇지 않을 경우는 감옥행뿐이라는 단서를 둔다. 젠더 케이지의 코드명은 트리플 X. 첫번째 임무지는 비밀요원의 무덤이라는 별칭을 가지고 있는 도시 프라하. 이제 얼떨결에 비밀요원이 되어버린 트리플 X의 위험한 여정이 시작되는데.", "poster_path": "/xeEw3eLeSFmJgXZzmF2Efww0q3s.jpg", "popularity": 595.216, "adult": false, "release_date": "2002-08-09", "is_latest": false, "is_popular": true, "genre_ids": [12, 28, 53, 80], "likes_user": [], "store_user": []}}, {"model": "movies.movie", "pk": 65, "fields": {"title": "분노의 질주: 라이드 오어 다이", "overview": "돔과 그의 패밀리 앞에 나타난 운명의 적 단테. 과거의 그림자는 돔의 모든 것을 파괴하기 위해 달려온다. 단테에 의해 산산히 흩어진 패밀리들은 모두 목숨을 걸고 맞서야 하는 함정에 빠지고 마는데...", "poster_path": "/wXNihLltMCGR7XepN39syIlCt5X.jpg", "popularity": 572.39, "adult": false, "release_date": "2023-05-17", "is_latest": false, "is_popular": true, "genre_ids": [28, 53, 80], "likes_user": [], "store_user": []}}, {"model": "movies.movie", "pk": 66, "fields": {"title": "듄", "overview": "10191년, 아트레이데스 가문의 후계자인 폴은 시간과 공간을 초월해 과거와 미래를 모두 볼 수 있고, 더 나은 미래를 만들 유일한 구원자인 예지된 자의 운명을 타고났다. 그리고 어떤 계시처럼 매일 꿈에서 아라키스의 행성에 있는 한 여인을 만난다. 귀족들이 지지하는 아트레이데스 가문에 대한 황제의 질투는 폴과 그 일족들을 죽음이 기다리는 아라키스로 이끄는데...", "poster_path": "/7zV8FTYofAORGm0Umgh1mNNCym8.jpg", "popularity": 545.643, "adult": false, "release_date": "2021-09-15", "is_latest": false, "is_popular": true, "genre_ids": [12, 878], "likes_user": [], "store_user": []}}, {"model": "movies.movie", "pk": 67, "fields": {"title": "더 배트맨", "overview": "지난 2년 간 고담시의 어둠 속에서 범법자들을 응징하며 배트맨으로 살아온 브루스 웨인. 알프레드와 제임스 고든 경위의 도움 아래 그는 도시의 부패한 공직자들과 고위 관료들 사이에서 복수의 화신으로 활약한다. 고담의 시장 선거를 앞두고 고담의 엘리트 집단을 목표로 잔악한 연쇄살인을 저지르는 수수께끼 킬러 리들러가 나타나자, 최고의 탐정 브루스 웨인이 수사에 나서고 남겨진 단서를 풀어가며 캣우먼, 펭귄, 카마인 팔코네, 리들러를 차례대로 만난다. 사이코 범인의 미스터리를 수사하면서 그 모든 증거가 자신을 향한 의도적인 메시지였음을 깨닫고,  리들러에게 농락 당한 배트맨은 광기에 사로잡힌다. 범인의 무자비한 계획을 막고 오랫동안 고담시를 썩게 만든 권력 부패의 고리를 끊어야 하지만, 부모님의 죽음에 얽힌 진실이 밝혀지자 복수와 정의 사이에서 갈등하는데...", "poster_path": "/jicHGaOX5pHs7RKjfexMxvLkwjf.jpg", "popularity": 463.861, "adult": false, "release_date": "2022-03-01", "is_latest": false, "is_popular": true, "genre_ids": [53, 80, 9648], "likes_user": [], "store_user": []}}, {"model": "movies.movie", "pk": 68, "fields": {"title": "Rebel Moon — 파트 2: 스카기버", "overview": "마더월드의 무자비한 세력에 대항해 전투를 준비하는 반란군들. 서로를 단단히 이어주는 유대가 형성되면서 영웅이 등장하고 전설이 탄생한다.", "poster_path": "/xqHdyufmN0xzGM116dZReFWVwfy.jpg", "popularity": 606.141, "adult": false, "release_date": "2024-04-19", "is_latest": false, "is_popular": true, "genre_ids": [18, 28, 878], "likes_user": [], "store_user": []}}, {"model": "movies.movie", "pk": 69, "fields": {"title": "캡틴 마블", "overview": "외계 크리 문명의 수도 할리, 캐롤 댄버스은 압도적인 능력을 가진 전사다. 그는 멘토 욘 로그로부터 힘을 통제하고 과거의 기억은 묻어야 한다는 가르침을 받고 있다. 그러던 어느 날, 변방 행성 토르파에서 스크럴 종족에게 붙잡혀 뇌를 스캔당한 캐롤은 과거 자신이 낯선 행성의 파일럿이었음을 알게 된다. 스크럴을 따돌리고 탈출하는 과정에서 공교롭게 C-53 행성, 즉 지구에 불시착한 캐롤. 우여곡절 끝에 쉴드 신참 요원 닉 퓨리에게 발견되어 팀을 이룬 그들은 지구로 향하는 더 큰 위협을 감지하고 힘을 합쳐 전쟁을 끝내야 하는데...", "poster_path": "/2JO8X8aT97BwxMMGr9ChrCl4xGQ.jpg", "popularity": 425.841, "adult": false, "release_date": "2019-03-06", "is_latest": false, "is_popular": true, "genre_ids": [12, 28, 878], "likes_user": [], "store_user": []}}, {"model": "movies.movie", "pk": 70, "fields": {"title": "토르: 라그나로크", "overview": "은하계를 탐험하던 토르는 오딘의 오랜 숙적 수르트와의 대결에서 승리하는데, 수르트는 라그나로크가 이미 시작됐고, 막을 수 없을 것이라는 의미심장한 말을 남긴다. 한편 오딘의 힘이 약해지며 그가 봉인했던 죽음의 여신 헬라가 나타난다. 오딘의 첫째딸인 그녀는 두 동생, 토르와 로키를 가볍게 제압하고 아스가르드를 정복한다. 헬라와의 전쟁에서 묠니르를 잃고 사카아르라는 미지의 행성에 불시착한 토르는 아스가르드 행성으로 돌아가기 위해 고군분투한다. 행성의 통치자 그랜드 마스터는 행성 최고의 투사 챔피언과 싸워 이기면 행성을 떠나게 해주겠다고 토르에게 제안한다.", "poster_path": "/jwswXltzpGaKZCtz1CiDjXHQYAs.jpg", "popularity": 434.357, "adult": false, "release_date": "2017-10-02", "is_latest": false, "is_popular": true, "genre_ids": [12, 28, 878], "likes_user": [], "store_user": []}}, {"model": "movies.movie", "pk": 71, "fields": {"title": "터미네이터", "overview": "1997년, 인간이 만든 인공지능 컴퓨터 전략 방어 네트워크가 스스로의 지능을 갖추고는 인류를 핵전쟁의 참화을 일으켜 30억이라는 인류를 잿더미 속에 묻어버린다. 그리고 남은 인간들은 기계의 지배를 받아 시체를 처리하는 일 등에 동원된다. 이때 비상한 지휘력과 작전으로 인간들을 이끌던 사령관 존 코너는 반기계 연합을 구성, 기계와의 전쟁을 시작하면서 상황은 반전된다. 이에 기계는 존 코너의 탄생 자체를 막기 위해 2029년의 어느 날 타임머신에 터미네이터를 태워서 1984년의 L.A로 보내게 된다.", "poster_path": "/sez4xWeylbYQqiI8HIgnciTP7MY.jpg", "popularity": 434.214, "adult": false, "release_date": "1984-10-26", "is_latest": false, "is_popular": true, "genre_ids": [28, 53, 878], "likes_user": [], "store_user": []}}, {"model": "movies.movie", "pk": 72, "fields": {"title": "고스트버스터즈", "overview": "초자연 현상 전문가 애비, 물리학 박사 에린, 무기 개발자 홀츠먼이 모여 만든 유령 퇴치 전문 회사 ‘고스트버스터즈’. 사람들로부터 비웃음을 사며 먼지만 풀풀 날리던 어느 날, 뉴욕 한복판에서 유령들이 출몰했다는 제보가 들어온다. 뉴욕 지리에 정통한 신참 패티와 금발 섹시 비서 케빈까지 채용한 이들은 본격적으로 유령을 사냥하기 시작하는데…", "poster_path": "/gjKUhygLXLFBpakpeMTH4IWqj50.jpg", "popularity": 439.403, "adult": false, "release_date": "2016-07-14", "is_latest": false, "is_popular": true, "genre_ids": [14, 28, 35], "likes_user": [], "store_user": []}}, {"model": "movies.movie", "pk": 73, "fields": {"title": "테넷", "overview": "주도자는 미국의 한 요원으로 우크라이나 국립 오페라 극장의 한 사건에 투입되었다가 우크라이나 요원들에게 붙잡히게 되고 고문을 받지만 CIA가 준 자살 약을 먹고 자살을 택하게 된다. 그러나 이내 다시 눈을 뜬 주인공은 의문의 한 남자로부터 임무를 부여받는다. 그가 주도자에게 줄 수 있는 건 하나의 제스처와 하나의 단어 뿐. 시간의 흐름을 뒤집는 인버전을 통해 현재와 미래를 오가며 세상을 파괴하려는 사토르를 막기 위해 투입된 작전의 주도자는 인버전에 대한 정보를 가진 닐과 미술품 감정사이자 사토르에 대한 복수심이 가득한 그의 아내 캣과 협력해 미래의 공격에 맞서 제3차 세계대전을 막아야 한다.", "poster_path": "/ylQRi3edixhzUiubw7LQP1YhI6W.jpg", "popularity": 426.477, "adult": false, "release_date": "2020-08-22", "is_latest": false, "is_popular": true, "genre_ids": [28, 53, 878], "likes_user": [], "store_user": []}}, {"model": "movies.movie", "pk": 74, "fields": {"title": "원더 우먼", "overview": "수천년 간 존재를 숨긴 채 지구를 수호하던 데미스키라의 공주 다이애나는 어느 날 하늘에서 이상한 움직임을 포착한다. 1차 세계대전에 참전해 스파이 활동을 벌이다가 격추된 미국인 조종사 스티브가 해변에 불시착한 것. 태어나 처음으로 남성을 보게 된 다이애나는 호기심을 감추지 못하고, 데미스키라의 일원들은 그가 파멸을 가져올 수도 있음을 경고한다. 다이애나는 엄마이자 여왕인 히폴리타의 반대에도 불구하고 나치군의 추격을 따돌리면서 그들의 생화학무기 공격을 비밀리에 막아야 하는 스티브를 따라나선다.", "poster_path": "/oZGYR75RaSLQ8XdJIVerYnOdhFx.jpg", "popularity": 414.725, "adult": false, "release_date": "2017-05-30", "is_latest": false, "is_popular": true, "genre_ids": [12, 14, 28], "likes_user": [], "store_user": []}}, {"model": "movies.movie", "pk": 75, "fields": {"title": "매트릭스", "overview": "인간의 기억마저 AI에 의해 입력되고 삭제되는 세상, 진짜보다 더 진짜 같은 가상 현실 매트릭스. 그 속에서 진정한 현실을 인식할 수 없게 재배되는 인간들. 그 매트릭스를 빠져 나오면서 AI에게 가장 위험한 인물이 된 모피어스는 몇 안 되는 동료들과 함께 기계와의 전쟁 전후의의 폐허를 떠돌며 인류를 구할 마지막 영웅을 찾아 헤맨다. 마침내 모피어스는 낮에는 평범한 회사원 앤더슨으로, 밤에는 해커로 활동하는 청년 네오를 그로 지목한다. 모피어스의 지시대로 그를 만나게 된 네오는 두개의 알약 중 하나를 고르는 선택을 하게 되는데...", "poster_path": "/yI9r0iz2XvlevxUzxvdoQmv3yce.jpg", "popularity": 450.053, "adult": false, "release_date": "1999-03-31", "is_latest": false, "is_popular": true, "genre_ids": [28, 878], "likes_user": [], "store_user": []}}, {"model": "movies.movie", "pk": 76, "fields": {"title": "조커", "overview": "홀어머니와 사는 아서 플렉은 코미디언을 꿈꾸지만 그의 삶은 좌절과 절망으로 가득 차 있다. 광대 아르바이트는 그에게 모욕을 가져다주기 일쑤고, 긴장하면 웃음을 통제할 수 없는 신경병 증세는 그를 더욱 고립시킨다. 정부 예산 긴축으로 인해 정신과 약물을 지원하던 공공의료 서비스마저 없어져 버린 어느 날, 아서는 지하철에서 시비를 걸어온 증권사 직원들에게 얻어맞던 와중에 동료가 건네준 권총으로 그들을 쏴 버리고 만다. 군중들은 지배계급에 대한 저항의 아이콘이 된 그를 추종하기 시작하며 광대 마스크로 얼굴을 가리고 거리로 쏟아져 나오기 시작하는데...", "poster_path": "/wrCwH6WOvXQvVuqcKNUrLDCDxdw.jpg", "popularity": 420.291, "adult": false, "release_date": "2019-10-01", "is_latest": false, "is_popular": true, "genre_ids": [18, 53, 80], "likes_user": [], "store_user": []}}, {"model": "movies.movie", "pk": 77, "fields": {"title": "X", "overview": "1979년, 젊은 영화 제작자 그룹이 텍사스 시골에서 성인 영화를 만들기 시작한다. 나이 든 호스트를 마주하게 되고 배우들은 삶을 위한 필사적인 싸움에 직면하게 된다.", "poster_path": "/A7YPhQKdcr6XB1kCUdS4tHifYWd.jpg", "popularity": 424.89, "adult": false, "release_date": "2022-03-17", "is_latest": false, "is_popular": true, "genre_ids": [27, 53, 9648], "likes_user": [], "store_user": []}}, {"model": "movies.movie", "pk": 78, "fields": {"title": "로건", "overview": "2029년 알 수 없는 이유로 돌연변이들이 태어나지 않는 미래, 더이상 엑스맨은 없다. 갈수록 재생력이 약해져 늙고 수척해진 로건은 멕시코 국경지대 은신처에 찰스 교수를 보호 중이다. 뇌에 심각한 손상을 입은 찰스 교수는 과거를 제대로 기억하지 못하는 데다 간헐적으로 주변을 위협하는 발작까지 일으킨다. 찰스 교수와 함께 떠날 배를 사기 위해 리무진 기사로 일하며 돈을 모으는 로건. 어느 날 낯선 여인이 찾아와 돌연변이 소녀 로라를 캐나다 국경까지 데려다 달라고 부탁한다. 로건은 로라를 쫓는 기업의 경호집단을 피해 험난한 여정을 떠난다.", "poster_path": "/tE6tvHXlAZ8hqM4k9ZvtWtBk4pc.jpg", "popularity": 422.167, "adult": false, "release_date": "2017-02-28", "is_latest": false, "is_popular": true, "genre_ids": [18, 28, 878], "likes_user": [], "store_user": []}}, {"model": "movies.movie", "pk": 79, "fields": {"title": "2001 스페이스 오디세이", "overview": "인류에게 문명의 지혜를 가르쳐 준 검은 돌기둥의 정체를 밝히기 위해서 디스커버리호의 선장 보우만과 승무원 풀은 목성을 향해서 날아간다. 하지만 평온하던 디스커버리호에 갑자기 재난이 찾아온다. 우주선 내부에서 일어난 재난은 컴퓨터 HAL이 반란을 일으킨 것. HAL은 풀을 우주선 밖으로 던져버리고, 보우만까지도 모선 밖으로 끌어내지만 그는 필사의 노력으로 HAL을 제압한다. 보우만은 마침내 목성 궤도에서 문제의 검은 돌기둥을 발견하지만, 그 순간 우주의 급류에 휘말리게 된다. 보우만은 지구로의 귀환을 위해 노력하고, 신비한 시간의 흐름을 경험하는데...", "poster_path": "/2qJjH5mYNlGPdVrPqfEq1J6Mgb4.jpg", "popularity": 412.741, "adult": false, "release_date": "1968-04-02", "is_latest": false, "is_popular": true, "genre_ids": [12, 878, 9648], "likes_user": [], "store_user": []}}, {"model": "movies.movie", "pk": 80, "fields": {"title": "블랙 팬서", "overview": "유엔 폭탄 테러로 아버지를 잃은 와칸다의 왕자 티찰라는 시빌 워 이후 고국 와칸다로 돌아가 왕좌에 오른다. 와칸다의 새로운 지도자 블랙팬서가 된 그는 옛 연인이자 와칸다의 스파이 나키아, 호위 무사 오코예와 함께 최강 희귀 금속 비브라늄 폭탄 거래가 이뤄지는 부산을 찾는다. 폭탄 거래의 배후에 있는 인물은 와칸다와 묘종의 연이 있는 정체불명의 남자, 에릭 킬몽거. 그는 놀라운 위력으로 티찰라를 제압하고 와칸다의 새로운 왕이 되려 하고, 이에 블랙 팬서는 피할 수 없는 전쟁에 나서는데...", "poster_path": "/iRkknrX0rRxZHSL79W2Rax0EFsL.jpg", "popularity": 419.257, "adult": false, "release_date": "2018-02-13", "is_latest": false, "is_popular": true, "genre_ids": [12, 28, 878], "likes_user": [], "store_user": []}}, {"model": "movies.movie", "pk": 81, "fields": {"title": "귀공자", "overview": "필리핀에서 불법 경기장을 전전하며 병든 어머니와 살아가는 복싱 선수 마르코. 어머니의 수술비 마련을 위해 평생 본 적 없는 아버지를 만나러 한국으로 향하던 그의 앞에 정체불명의 남자 귀공자가 나타나 그를 추격하기 시작한다. 마르코 주위를 쑥대밭으로 만들며 숨통을 조여오는 귀공자를 필두로, 아버지의 막대한 유산을 차지하기 위해 마르코를 추격하는 재벌 2세 한이사, 필리핀에 이어 한국에서 우연히 마르코와 재회한 미스터리한 여자 윤주까지. 각기 다른 목적을 가진 이들은 단 하나의 타겟을 쫓아 모여들고, 그 무엇도 예측할 수 없는 혼란과 광기 속 마르코는 충격적인 진실을 마주하게 되는데…  단 하나의 타겟, 광기의 추격이 시작된다!", "poster_path": "/x0PHh4LH5pvp2PeG3qInrfWlG9q.jpg", "popularity": 482.982, "adult": false, "release_date": "2023-06-21", "is_latest": false, "is_popular": true, "genre_ids": [18, 28, 53], "likes_user": [], "store_user": []}}, {"model": "movies.movie", "pk": 82, "fields": {"title": "인투 더 월드", "overview": "가족을 과잉보호하는 아빠 ‘맥’ 때문에 평생을 작은 연못에서 안전하게 살아온 말러드 가족. 하지만 호기심 가득한 남매 ‘댁스’와 ‘그웬’을 위해 새로운 세상을 모험하고 싶은 엄마 ‘팸’의 설득으로 가족들은 항상 꿈꿔온 자메이카로 생애 첫 가족 모험을 떠나기로 한다! 설렘 넘치는 시작과 달리 태풍을 만나 길을 잃고, 낯선 친구들을 만나고, 위험 가득한 뉴욕에 불시착하게 된다. 인생 처음으로 모든 계획이 틀어지고 위기에 빠진 말러드 가족은 서툴지만 서로를 의지하며 모험을 계속한다. 새로운 세상, 함께라면 두려울 것 없어!", "poster_path": "/2xE3NI6zElWhwN9WJ92fqbZKmzZ.jpg", "popularity": 559.555, "adult": false, "release_date": "2023-12-06", "is_latest": false, "is_popular": true, "genre_ids": [12, 16, 28, 35, 10751], "likes_user": [], "store_user": [1]}}, {"model": "movies.movie", "pk": 83, "fields": {"title": "버드 박스", "overview": "미지의 재앙이 인류를 휩쓴다. 세상이 뒤집힌 지 5년. 용케 살아남은 여자와 그녀의 아이들이 또다시 위기에 처한다. 안전한 곳을 향해, 그들은 필사적인 모험을 감행한다.", "poster_path": "/dB7jNL5I3hb7b1zsGD5OEoSl2BQ.jpg", "popularity": 405.023, "adult": false, "release_date": "2018-12-13", "is_latest": false, "is_popular": true, "genre_ids": [18, 27, 53], "likes_user": [], "store_user": []}}, {"model": "movies.movie", "pk": 84, "fields": {"title": "스타워즈 에피소드 4: 새로운 희망", "overview": "공화국이 붕괴하고 제국이 수립된 뒤 20년, 제다이 기사단은 전멸하고 강력한 제국군의 횡포에 은하계는 공포에 휩싸여 있다. 그러던 중 공화국 재건을 노리는 반란군이 제국군의 비밀병기 데스스타 설계도를 훔쳐 달아나고 제국군은 이를 쫓는다. 하지만 결국 제국의 손에 붙잡히게 된 그들은 드로이드 R2-D2에 설계도를 넣어서 R2의 친구 C-3PO와 탈출시키는 데 성공하고, 두 드로이드 콤비는 타투인의 시골 마을에서 숙부와 함께 살고 있던 청년 루크 스카이워커에게 오게 되는데...", "poster_path": "/7XFfURIFCJxN1mfBg0SAjk5yGzg.jpg", "popularity": 440.981, "adult": false, "release_date": "1977-05-25", "is_latest": false, "is_popular": true, "genre_ids": [12, 28, 878], "likes_user": [], "store_user": []}}, {"model": "movies.movie", "pk": 86, "fields": {"title": "록키", "overview": "이탈리아의 종마라는 별명을 가진 젊은 청년 록키 발보아는 필라델피아 빈민촌에 살면서 4회전 복서를 업으로 삼아 근근히 살아간다. 복싱만으로는 생계를 유지할 수 없어 고리대금 업자의 하수인 노릇을 하기도 하며 뒷골목의 주먹 노릇도 하는 그는 짝사랑하는 애드리언에게 열심히 관심을 보이면서 성실하게 살아 가려고 애쓴다. 그러던 어느 날 록키에게 기회가 오게 된다. 헤비급 세계 챔피언 아폴로 크리드가 미국 독립 200주년을 기념하는 이벤트로서 이름 없는 복서에게 도전권는 이벤트를 기획하고, 록키가 도전자로 선발이 되는데...", "poster_path": "/vpo99XjnIdkM9QDlQRTj5XEuUOH.jpg", "popularity": 397.909, "adult": false, "release_date": "1976-11-21", "is_latest": false, "is_popular": true, "genre_ids": [18], "likes_user": [], "store_user": []}}, {"model": "movies.movie", "pk": 87, "fields": {"title": "플래시", "overview": "시공간이 붕괴된 세계, 차원이 다른 히어로가 온다! 빛보다 빠른 스피드, 물체 투과, 전기 방출, 자체 회복, 천재적인 두뇌까지 갓벽한 능력을 자랑하지만 존재감은 제로, 저스티스 리그에서 궂은일을 도맡아 하는 히어로 ‘플래시’. 어느 날 자신에게 빛보다 빠른 속도로 달리면 시공간 이동 능력이 있음을 알게 된 그는 ‘브루스 웨인’의 만류를 무시한 채 끔찍한 상처로 얼룩진 과거를 바꾸기 위해 시간을 역행한다. 의도치 않은 장소에 불시착한 ‘플래시’는 멀티버스 세상 속 또 다른 자신과 맞닥뜨리고 메타 휴먼이 흔적도 없이 사라지고 모든 것이 뒤엉킨 세상과 마주하게 된다. ‘플래시’는 자신이 알던 모습과 전혀 달라진 나이 들고 은퇴한 ‘배트맨’과 크립톤 행성에서 온 ‘슈퍼걸’의 도움으로 외계의 침공으로부터 시간과 차원이 붕괴된 지구를 구하려 나서는데…", "poster_path": "/wgjojKrLVoeWhx0C22YjdAkizgH.jpg", "popularity": 450.679, "adult": false, "release_date": "2023-06-13", "is_latest": false, "is_popular": true, "genre_ids": [12, 28, 878], "likes_user": [], "store_user": []}}, {"model": "movies.movie", "pk": 88, "fields": {"title": "아이언맨 2", "overview": "세계 최강의 무기업체를 이끄는 CEO이자, 타고난 매력으로 화려한 삶을 살아가던 토니 스타크. 기자회견을 통해 자신이 아이언맨이라고 정체를 밝힌 이후, 정부로부터 아이언맨 수트를 국가에 귀속시키라는 압박을 받지만 이를 거부한다. 스타크 인더스트리의 운영권까지 수석 비서였던 페퍼 포츠에게 일임하고 히어로로서의 인기를 만끽하며 지내던 토니 스타크. 하지만 그 시각, 아이언맨의 수트 기술을 스타크 가문에 빼앗긴 후 쓸쓸히 돌아가신 아버지의 복수를 다짐해 온 위플래시는 수트의 원천 기술 개발에 성공, 치명적인 무기를 들고 직접 토니 스타크를 찾아 나선다.", "poster_path": "/7rUFYRfYV6c4yXiKBvKWOCRjimc.jpg", "popularity": 438.602, "adult": false, "release_date": "2010-04-28", "is_latest": false, "is_popular": true, "genre_ids": [12, 28, 878], "likes_user": [], "store_user": []}}, {"model": "movies.movie", "pk": 89, "fields": {"title": "에이리언", "overview": "2122년, 2천만톤의 광물과 7명의 승무원을 태우고 지구로 귀환중인 화물선 노스트로모호의 메인 컴퓨터 마더는 어떤 위성에서 나오는 알 수 없는 신호를 포착하게 된다. 마더에 의해 동면중 깨어난 승무원들은 이 신호를 조사하기 위해 혹성 LA-426에 착륙한다. 이들 중엔 2등 항해사인 엘렌 리플리도 있다. 혹성에서 정체 불명의 우주선을 발견한 그들은 탐사에 나서지만, 우주선은 이미 오래전에 파괴되어 썩고 있었으며 승무원들은 모두 미이라로 변해 있다. 사고 원인을 찾기 위해 좀 더 안으로 들어간 조사반은 여기저기 계란 모양의 물체가 있는 산란실을 발견하는데...", "poster_path": "/k3m1RdlYUlCx51PxxNMlmbm7QSk.jpg", "popularity": 428.596, "adult": false, "release_date": "1979-05-25", "is_latest": false, "is_popular": true, "genre_ids": [27, 878], "likes_user": [], "store_user": []}}, {"model": "movies.movie", "pk": 90, "fields": {"title": "메이의 새빨간 비밀", "overview": "엄마의 착한 딸, 아니면 미운 13살? 성적도 우수하고 친구들과 사이도 좋은 데다 부모와도 친밀한 관계를 유지하고 있는, 똑 부러지면서도 엉뚱한 매력의 소유자 메이는 요즘 질풍노도의 시기를 겪느라 고민이 많다. 이 나이에 엄마의 과잉보호를 받자니 스트레스가 이만저만이 아닌 데다, 관심사, 인간관계, 신체 등 그녀의 모든 것이 변하고 있기 때문. 그런데 이 와중에 흥분하면 거대한 레서판다로 변신하는 비밀까지 떠안게 되다니! 아침도 먹어야 하고 학교도 가야 하는데, 이 엄청난 비밀을 어떻게 숨겨야 할까?", "poster_path": "/hsOhOcX7qDy7bPwbrt1OoITngrf.jpg", "popularity": 425.949, "adult": false, "release_date": "2022-03-10", "is_latest": false, "is_popular": true, "genre_ids": [14, 16, 35, 10751], "likes_user": [], "store_user": []}}, {"model": "movies.movie", "pk": 92, "fields": {"title": "도니 다코", "overview": "1988년, 어딘가 암울하고 삐딱하게 보이는 고교생 도니 다코는 가족들과도 잘 어울리지 못하는 내성적인 성격의 소년이다. 어느 날, 자고 있던 그는 이상한 목소리를 따라 정원으로 나가게 되고, 그 곳에서 거대한 토끼 괴물을 만난다. 프랭크라는 이름을 가진 그는 도니에게 28일 6시간 43분 12초 후 할로윈 데이에 세상은 멸망할 것이라고 말한다. 다음날 아침 골프장에 누워 있다 잠을 깬 도니는 자신의 팔뚝에 선명하게 쓰여진 '28:06:43:12'라는 숫자를 발견한다. 집으로 돌아간 도니는 지난 밤 2층에 있는 자신의 침실에 출처 불명의 제트기 엔진이 추락하는 대형 사고가 있었음을 알고 프랭크의 존재에 대해 의식하기 시작한다. 의문의 대형사고를 몽유병 덕에 피한 도니의 주변에는 점점 기괴한 사건이 연발하고, 학교 친구들은 그런 도니를 이상한 존재로 여긴다. 그러던 어느 날 새로운 전학생 그레첸이 전학 오면서 도니의 학창 생활에 빛이 비치기 시작한다. 그러나 밤에만 나타나던 프랭크는 파멸의 날이 하루하루 다가올수록 점점 더 자주 도니에게 나타나 알 수 없는 말들을 늘어놓으며 도니를 혼란시킨다. 파멸의 날이 다가올수록 학교와 마을은 점점 공황 상태에 빠지고, 어느 순간 도니는 자신의 주위에 일어나는 이 모든 일이 우연이 아님을 깨닫는다. 그러나 도니의 갖은 노력에도 불구하고 그와 그 주위에 있는 사람들은 점점 암흑 속으로 빠져드는데...", "poster_path": "/uREa7oOO1gxuCUiUOFzHOVv7h5d.jpg", "popularity": 387.627, "adult": false, "release_date": "2001-01-19", "is_latest": false, "is_popular": true, "genre_ids": [14, 18, 9648], "likes_user": [], "store_user": []}}, {"model": "movies.movie", "pk": 93, "fields": {"title": "데드풀", "overview": "특수부대 요원 출신의 용병 웨이드 윌슨은 취향과 장난기마저 똑 닮은 바네사를 만나 행복한 나날을 보낸다. 하지만 행복은 광고처럼 짧은 법. 말기 암 선고를 받은 웨이드는 비밀 임상실험에 참여하며 재기를 노린다. 극한의 고문으로 이뤄진 실험 후 웨이드는 암을 치료할뿐더러 무한한 재생 능력을 얻으며 불사의 존재가 된다. 하지만 동시에 부작용으로 호러영화에 어울릴 법한 외양을 갖는다. 스스로 슈트까지 지어 입고 데드풀이 된 웨이드는 자신을 고문한 자를 찾아 제대로 복수한 뒤 당당히 바네사 앞에 나서려 한다.", "poster_path": "/bzpAD4rd40zZYoh6Lqzrz1O1xh4.jpg", "popularity": 454.242, "adult": false, "release_date": "2016-02-09", "is_latest": false, "is_popular": true, "genre_ids": [12, 28, 35], "likes_user": [], "store_user": []}}, {"model": "movies.movie", "pk": 94, "fields": {"title": "007 스펙터", "overview": "멕시코에서 일어난 폭발 테러 이후 MI6는 영국 정부에 의해 해체 위기에 놓인다. 자신의 과거와 연관된 암호를 추적하던 제임스 본드는 사상 최악의 조직 스펙터와 자신이 연관되어 있다는 사실을 알게 되고, 궁지에 몰린 MI6조차 그를 포기하면서 절체절명의 위기에 직면하는데...", "poster_path": "/reI1K84d4lgMwfWs583PmpWQsQ5.jpg", "popularity": 395.177, "adult": false, "release_date": "2015-10-26", "is_latest": false, "is_popular": true, "genre_ids": [12, 28, 53], "likes_user": [], "store_user": []}}, {"model": "movies.movie", "pk": 95, "fields": {"title": "세레니티", "overview": "지금으로부터 500년후의 미래. 은하계 내전의 참전군인 출신인 말콤 레이놀즈 선장은 자신의 우주선 세레니티 호와 충성심에 가득찬 부하들을 데리고 돈되는 일이라면 무엇이든 하는 해결사로서 생활한다. 어느날 레이놀즈 일행은 젊은 의사 사이먼과 그의 여동생 리버를 탑승객으로 태우게 되는데, 둘은 우주연합으로부터 도망치는 중이다. 세레니티 일행들은 곧 초능력을 가진 리버가 엄청난 비밀을 가지고 있으며, 따라서 이 둘을 탑승시킨 것이 위험천만한 일임을 깨닫게 되는데...", "poster_path": "/ckDo5vnRKehJ2qu8U95c7QcvGUm.jpg", "popularity": 381.512, "adult": false, "release_date": "2005-09-25", "is_latest": false, "is_popular": true, "genre_ids": [12, 28, 53, 878], "likes_user": [], "store_user": []}}, {"model": "movies.movie", "pk": 96, "fields": {"title": "마담 웹", "overview": "우연한 사고로 미래를 볼 수 있게 된 구급대원 '캐시 웹'이 거미줄처럼 엮인 운명을 마주하며, 같은 예지 능력을 가진 적 '심스'에 맞서 세상을 구할 히어로 '마담 웹'으로 거듭나게 되는 과정을 그린 마블의 NEW 히어로 드라마", "poster_path": "/eqEzpQNusV9XSdnA9HAvlLMeuPs.jpg", "popularity": 500.122, "adult": false, "release_date": "2024-02-14", "is_latest": false, "is_popular": true, "genre_ids": [14, 28], "likes_user": [], "store_user": []}}, {"model": "movies.movie", "pk": 97, "fields": {"title": "어메이징 메리", "overview": "해변가 조용한 마을에서 삼촌 프랭크(크리스 에반스)와 함께 살아가는 7살 수학 천재 소녀 메리(맥케나 그레이스).  메리가 학교에 들어가면서 그녀의 천부적 재능은 세상에 알려지기 시작하고,  세계적인 수학계 저명인사이자 메리의 할머니인 에블린(린제이 던칸)은 그녀가 세상을 바꿀 수학자가 되기를 희망한다.  바닷가에서 뛰어놀기 보다 어려운 수학문제 풀기를 즐거워하는 메리 그리고,  그녀에게 세상이 필요로 하는 수학자의 길을 열어주고자 하는 할머니.  촉망받는 천재 수학자였지만 불행한 죽음을 맞은 여동생과 약속한 메리의 평범하고 행복한 삶을 위해 이를 반대하는 삼촌 프랭크. 이들의 바람은 결국 특별한 천재 소녀 메리를 둘러싼 법적 분쟁으로 번지는데…  7살 사랑스러운 천재 소녀 메리의 선택은 어느 쪽일까?  과연 그녀는 행복해질 수 있을까?", "poster_path": "/rn0TQDEXJyvwX49Ht33t3N3zq6y.jpg", "popularity": 389.433, "adult": false, "release_date": "2017-04-07", "is_latest": false, "is_popular": true, "genre_ids": [18, 35], "likes_user": [], "store_user": []}}, {"model": "movies.movie", "pk": 98, "fields": {"title": "슈퍼맨", "overview": "크립톤 행성의 조엘(Jor-El: 마론 브란도 분)은 행성이 곧 폭발할 것이라는 사실을 알고, 수많은 은하계의 지식을 담은 푸른 수정과 함께 아들인 카렐(Baby Clark Kent: 아론 스모린스키 분)을 지구로 보낸다. 카렐이 타고 온 작은 우주선은 조나단 부부(Jonathan Kent: 글렌 포드 분 / Ma Kent: 필리스 색터 분) 앞에 떨어지고, 아이가 없던 그들이 카렐을 데려와 클락이라 부르며 키운다.  어느 덧 청년으로 성장한 클락(Clark Kent/Superman: 크리스토퍼 리브 분)은 알지못하는 힘에 끌려 북쪽으로 가게 되고, 그 곳에서 아버지 조엘로부터 그 동안의 궁금증을 풀고, 다시 지구로 돌아오게 된다. 지구로 돌아온 클락은 데일리 플리닛지의 기자로 살아가며, 위험한 순간마다 슈퍼맨으로 변신해 사람들을 구해낸다. 슈퍼맨의 활약이 커지면서 신문사마다 다투어 그의 기사를 실었고 클락은 같은 신문사의 여기자 로이스 레인(Lois Lane: 마곳 키더 분)을 짝사랑하게 되는데.", "poster_path": "/qwqXgd7FS0UhjU7SY5aNz6vV3G5.jpg", "popularity": 369.715, "adult": false, "release_date": "1978-12-14", "is_latest": false, "is_popular": true, "genre_ids": [12, 28, 878], "likes_user": [], "store_user": []}}, {"model": "movies.movie", "pk": 99, "fields": {"title": "미셸 오바마의 비커밍", "overview": "미셸 오바마가 회고록 《비커밍》의 출간 투어를 시작한다. 저마다 절절한 사연을 지닌 독자와의 만남. 그 속에서 빛나는 전 퍼스트레이디의 삶과 희망을 담은 다큐멘터리.", "poster_path": "/f0vo1yoEVlbpJ0Fkn0FgU7dTrO8.jpg", "popularity": 358.614, "adult": false, "release_date": "2020-05-06", "is_latest": false, "is_popular": true, "genre_ids": [99], "likes_user": [], "store_user": []}}, {"model": "movies.movie", "pk": 100, "fields": {"title": "로보캅", "overview": "멀지 않은 미래, 미국의 공업도시 디트로이트는 범죄 집단의 소굴이 되어가고, 시 경찰의 힘이 무력해져간다. 그러던 어느날 유능한 경찰관 머피(피터 웰러)가 범인들을 쫓다 뇌사상태에 빠진다. 사이보그 제작을 실험하고 있던 방위산업체의 과학자들은 즉각적으로 머피의 몸을 티타늄으로 보강하고 지워진 기억 위에 정교하게 짜여진 프로그램을 집어넣어 극비리에 최첨단의 사이보그를 탄생시키는데...", "poster_path": "/ktOrQjOklsEhr75KItQloX1hc9Q.jpg", "popularity": 364.084, "adult": false, "release_date": "1987-07-17", "is_latest": false, "is_popular": true, "genre_ids": [28, 53, 878], "likes_user": [], "store_user": []}}, {"model": "movies.movie", "pk": 101, "fields": {"title": "미저리", "overview": "'미져리'란 이름의 순애보적 여인상을 등장시킨 대중 소설 시리즈로 여러해 동안 인기를 누려온 소설가 폴 셸던(제임스 칸)은 연작 속의 여주인공이 죽는 마지막 완결편을 끝으로 시리즈를 마감하고, 오랫 동안 쓰고자 했던 진지한 작품 완결 후 차를 몰아 뉴욕을 출발한 폴은 산 길을 채 벗어나기도 전에 휘몰아쳐 온 눈보라를 만나 길 밖 벼랑으로 핸들을 꺾고 만다. 심한 부상으로 의식 불명이 된 폴을 때마침 구해내는 수수께끼의 인물 애니 윌킨스(캐시 배이츠)는 미저리 시리즈의 애독자로 폴의 재능을 동경해 온 간호사 출신의 여자다. 애니의 집으로 옮겨져 그녀의 헌신적인 간호로 의식을 회복하는 폴. 그러나 그의 몸은 양다리가 참혹하게 부러지고 어깨마저 심하게 다친 처참한 상태다. 애니는 눈보라로 길이 막혀 그를 병원에 데려가지 못했으며 전화마저 불통이어서 외부에 아무런 연락도 취하지 못하고 있다고 말한다. 그러나 눈이 녹고 길이 뚫려도 애니는 폴을 병원에 보내기 위한 아무런 조치도 취하지 않는다. 마을에 나가 미저리 시리즈의 최신판을 사다 읽은 애니는 마지막에 미저리가 죽는다는 걸 알고 폴에게 분노의 광기를 발산하는데...", "poster_path": "/23Y65uWaVMpqfbZTN3CT0aei4D5.jpg", "popularity": 367.298, "adult": false, "release_date": "1990-11-30", "is_latest": false, "is_popular": true, "genre_ids": [18, 53], "likes_user": [], "store_user": []}}, {"model": "movies.movie", "pk": 102, "fields": {"title": "그린 북", "overview": "1962년 미국, 입담과 주먹만 믿고 살아가던 토니 발레롱가는 교양과 우아함 그 자체인 천재 피아니스트 돈 셜리의 운전기사 면접을 보게 된다. 백악관에도 초청되는 등 미국 전역에서 콘서트 요청을 받으며 명성을 떨치고 있는 돈 셜리는 위험하기로 소문난 미국 남부 투어 공연을 떠나기로 결심하고, 투어 기간 동안 자신의 보디가드 겸 운전기사로 토니를 고용한다. 거친 인생을 살아온 토니와 교양과 기품을 지키며 살아온 돈. 생각, 행동, 말투, 취향까지 달라도 너무 다른 두 사람은 그들을 위한 여행안내서 그린북에 의존해 특별한 남부 투어를 시작하는데...", "poster_path": "/dyqQ12gZGwl5Y0R9UsLBDkZWOUA.jpg", "popularity": 378.502, "adult": false, "release_date": "2018-11-16", "is_latest": false, "is_popular": true, "genre_ids": [18, 136], "likes_user": [], "store_user": []}}, {"model": "movies.movie", "pk": 103, "fields": {"title": "프레데터", "overview": "더치와 특수부대 동료들은 CIA와 계약을 맺어 중앙 아메리카 정글에서 게릴라들에게 붙잡힌 조종사를 구하러 간다. 임무는 순조롭게 진행되었으나 그들은 귀환 도중 무언가로 부터 공격을 받는다. 보이지 않는 적은 정글 속에 숨어서 그들의 사체를 전리품으로 수집해간다.  이 외계 괴물은 더치의 동료들을 하나씩 죽이면서 유희를 벌이는데...", "poster_path": "/AjYcJsuiqW4sHFEmh5SVSy5PswH.jpg", "popularity": 376.953, "adult": false, "release_date": "1987-06-12", "is_latest": false, "is_popular": true, "genre_ids": [12, 28, 53, 878], "likes_user": [], "store_user": []}}, {"model": "movies.movie", "pk": 104, "fields": {"title": "콘 에어", "overview": "최정예 특공대원 카메론 포우(니콜라스 케이지 분)는 제대하던 날 아내와 귀가하다가, 자신의 아내를 노리는 폭력배로부터 위협을 받는다. 불행하게도 카메론은 그들 중 한 명을 죽이게 된다. 사랑하는 아내와 아내의 뱃속에서 자라고 있는 딸을 지키기 위해서였다. 그로부터 8년 뒤, 모범수로 가석방된 카메론은 결코 타지 말았어야 할 죄수 수송기에 몸을 싣는다. 이 수송기는, 미국 전역의 형무소에 격리수용된 악명높은 죄수들만 따로 통합 수용하기 위하여 세워진 새 형무소로 흉악범들을 이송하는 임무를 띤 ‘콘 에어’ 수송기였다.    모범수인 카메론은 그 형무소까지 가지 않고 중간 기착지에서 내리도록 되어 있다. 콘 에어가 이륙하는 순간 카메론은 예상하지 못한 위기를 직감한다. 8명의 죄수들이 콘 에어를 공중납치해버린 것이다. 죄수들의 행동 대장은 ‘바이러스’란 별명을 가진 사이러스 그리섬(존 말코비치 분)이다. 카메론은 사태의 심각성과 신변의 위험을 깨닫지만 기내에 동승한 연방 보안 요원과 간수들이 속속 당하는 것을 보고만 있어야 할 만큼 속수무책이다. 연방 보안관이자 진압 대장인 빈스 라킨(존 쿠삭 분)과 FBI요원 그리고 특전반은 콘 에어가 착륙할 사막의 중간 기착지에 매복한 뒤 기습소탕작전을 준비하고 있다. 수송기에 탑승할 중간 기착지의 죄수들이 대기하고 있는 가운데 콘 에어가 서서히 착륙한다. 그러나 내리기로 되어 있던 카메론은 보이지 않고, 라킨의 상관은 기내의 보안요원이 전부 살해된 것으로 판단하고 콘 에어 수송기를 공중 폭파시키라는 명령을 내리는데..", "poster_path": "/1WGzV906MDSr4IFOtWxJC8wrhRu.jpg", "popularity": 365.986, "adult": false, "release_date": "1997-06-05", "is_latest": false, "is_popular": true, "genre_ids": [28, 53, 80], "likes_user": [], "store_user": []}}, {"model": "movies.movie", "pk": 105, "fields": {"title": "그래비티", "overview": "허블 우주 망원경을 수리하기 위해 우주를 탐사하던 라이언 스톤 박사는 폭파된 인공위성의 잔해와 부딪히면서 우주 공간에 홀로 남겨진다. 탑승했던 왕복선은 파괴됐고 산소는 희박해져간다. 홀로 남겨졌다는 공포가 그녀를 휘감아 가던 순간, 그녀의 앞에 베테랑 동료 우주비행사인 매트 코왈스키가 구세주처럼 나타난다. 인공위성의 잔해가 지구를 한 바퀴 돌아 다시 덮쳐오기까지 걸리는 시간은 단 90분. 그 전에 그들은 우주 왕복선과 가까이 있는 ISS로 이동해서 소유즈를 활용해 지구로 귀환하기로 하는데...", "poster_path": "/u8ffl7CRAS12KA8eQEtkLuHg8Fm.jpg", "popularity": 358.687, "adult": false, "release_date": "2013-10-03", "is_latest": false, "is_popular": true, "genre_ids": [18, 53, 878], "likes_user": [], "store_user": []}}, {"model": "movies.movie", "pk": 106, "fields": {"title": "케이트", "overview": "무자비한 암살자로 키워진 케이트. 마지막이라 결심한 임무에 실패한다. 누군가 치명적인 독을 먹였기 때문. 죽음까지 남은 시간도, 복수할 수 있는 시간도 단 하루. 그녀가 질주를 시작한다.", "poster_path": "/s3LyA1giMDHNlu0B4GokCsniRlk.jpg", "popularity": 356.547, "adult": false, "release_date": "2021-09-10", "is_latest": false, "is_popular": true, "genre_ids": [28], "likes_user": [], "store_user": []}}, {"model": "movies.movie", "pk": 107, "fields": {"title": "다크 시티", "overview": "브랜든 리의 유작 [크로우]에서 독특한 시각스타일을 보여줬던 알렉스 프로야스가 4년간의 침묵 끝에 내놓은 신작. 윌리엄 허트, 제니퍼 코넬리, 키퍼 서덜런드 등이 출연하며 미국 개봉시 평단의 찬사를 받았다.  기억상실증에 걸려 과연 자신이 누구인지조차 알 수 없는 주인공 자기 소지품에 나타난 행적을 쫓기 시작한다. 아내, 심리학자, 형사 등을 만나면서 그는 조금씩 기억을 되찾고 이 도시의 끔찍한 비밀을 깨닫는다.", "poster_path": "/b4c1hDBjfpVsjDFOszCiJQtibYw.jpg", "popularity": 354.541, "adult": false, "release_date": "1998-02-27", "is_latest": false, "is_popular": true, "genre_ids": [878, 9648], "likes_user": [], "store_user": []}}, {"model": "movies.movie", "pk": 108, "fields": {"title": "혹성탈출: 종의 전쟁", "overview": "전 세계에 퍼진 치명적인 바이러스인 시미안 플루로 인해 유인원들은 나날이 진화하는 반면, 살아남은 인간들은 점차 지능을 잃고 퇴화해 간다. 멸종 위기에 처한 인간들은 유인원의 리더 시저를 찾아 없애려 하지만, 숲에 머물고 있다는 시저는 몇 년째 은신한 채 모습을 드러내지 않는다. 어느 날 인간 군대의 리더 대령(우디 해럴슨)이 시저의 거처를 급습해 그의 가족을 죽이는 사건이 일어난다. 분노한 시저는 오랫동안 함께해 온 동료 모리스(카린 코노발), 로켓(테리 노터리) 등과 함께 복수의 여정을 떠난다.", "poster_path": "/c07zzytpPKVjXlEbSiMZFAfxQAa.jpg", "popularity": 452.843, "adult": false, "release_date": "2017-07-11", "is_latest": false, "is_popular": true, "genre_ids": [18, 878, 10752], "likes_user": [], "store_user": []}}, {"model": "movies.movie", "pk": 109, "fields": {"title": "시민 케인", "overview": "1940년 뉴욕 인콰이어러지를 비롯, 수 많은 신문들의 발행인이었던 찰스 포스터 케인이 죽는다. 그는 당시 70세로 세계에서 손꼽히는 부자였으며, 죽음 직전에는 플로리다의 대저택에서 은둔 생활을 하고 있었다. 생전에 많은 정치인과도 친분을 맺고 있었고, 미국 정책에 막강한 영향력을 발휘하기도 했던 그는 자신에 대한 여러 얘기들에 대해 \"나는 현재 미국인이고 과거에도 미국인이었으며 앞으로도 항상 미국인일 것이다\"라고 일축하곤 했다. 잡지 편집장 록스톤은 그의 죽음을 취재하고자 기자 톰슨에게 케인이 죽기 전에 말했다는 장미꽃 봉오리가 무슨 뜻인지 알아오라고 한다. 톰슨은 케인의 주변 인물을 샅샅이 취재하기 시작하는데...", "poster_path": "/3E3Ng1JEYSk3uewUd6OZOc00CdJ.jpg", "popularity": 358.198, "adult": false, "release_date": "1941-04-17", "is_latest": false, "is_popular": true, "genre_ids": [18, 9648], "likes_user": [], "store_user": []}}, {"model": "movies.movie", "pk": 110, "fields": {"title": "펄프 픽션", "overview": "펌프킨와 허니 버니가 레스토랑에서 강도 행각을 벌이기 시작한다. 빈센트와 그 동료 쥴스는 두목의 금가방을 찾기 위해 다른 건달이 사는 아파트를 찾아간다. 마르셀러스는 부치에게 돈을 주며 상대 선수에게 져 주라고 하지만 부치는 상대 선수를 때려 눕히고 도망치다, 어릴 때 아버지에게 물려받은 시계를 찾기 위해 아파트로 향한다. 아무런 상관 없이 보이는 이 사건들이 서로 얽히고 섥히면서 예상치 못한 인과관계가 만들어지는데...", "poster_path": "/6lXRHGoEbnnBUKsuqpL9JxD4DzT.jpg", "popularity": 397.151, "adult": false, "release_date": "1994-09-10", "is_latest": false, "is_popular": true, "genre_ids": [53, 80], "likes_user": [], "store_user": []}}, {"model": "movies.movie", "pk": 111, "fields": {"title": "컨택트", "overview": "어느 날 전 세계 12개 지역에 외계 비행물체 셸이 동시다발로 출현한다. 450m에 달하는 거대 비행체가 가만히 서 있을 뿐 어떤 행동도 하지 않자 각국 정부는 각자의 방식으로 외계인과 접촉을 시작하지만, 완전히 다른 언어 체계 때문에 첫 단계부터 난항을 겪는다. 미국 정부의 요청을 받은 언어학자 루이스와 물리학자 이안은 말과 글이 통하지 않는 상황에서, 신체의 모든 기관과 감정을 이용해 미지의 생명체와 대화를 시도하고 서로의 문자를 배워나간다. 마침내 대화의 물꼬가 트이게 되지만 그때부터 루이스는 이해하기 어려운 환상을 연이어 보기 시작하는데...", "poster_path": "/1jhYawjt748tAkuk2DzJJafvI2V.jpg", "popularity": 376.233, "adult": false, "release_date": "2016-11-10", "is_latest": false, "is_popular": true, "genre_ids": [18, 878, 9648], "likes_user": [], "store_user": []}}, {"model": "movies.movie", "pk": 112, "fields": {"title": "에이리언: 커버넌트", "overview": "2천명의 승객과 12명의 승무원을 실은 커버넌트호는 새로운 행성의 개척과 이주를 위해 항해 중이다. 인공지능 로봇 월터가 홀로 깨어 승무원들의 건강을 관리하던 중 예기치 못한 사고로 선장이 사망하고 승무원들이 깨어난다. 이들은 커버넌트호를 정비하던 중 인근의 행성으로부터 알 수 없는 신호를 감지한다. 여행에 지친 승무원들은 다니엘스의 반대에도 불구하고 행성을 탐사하기로 결정한다. 이들은 정체불명의 생명체에 감염되어 위기에 빠지지만 10년 전 사라졌던 프로메테우스호의 인공지능 로봇 데이비드의 도움을 받아 상황을 모면하는데...", "poster_path": "/qTiZhRh4y152Gj5jvEXMPmQZ71m.jpg", "popularity": 372.98, "adult": false, "release_date": "2017-05-09", "is_latest": false, "is_popular": true, "genre_ids": [27, 878, 9648], "likes_user": [], "store_user": []}}, {"model": "movies.movie", "pk": 113, "fields": {"title": "모비우스", "overview": "희귀혈액병을 앓고 있는 생화학자 모비우스는 동료인 마르틴과 함께 치료제 개발에 몰두한다. 흡혈 박쥐를 연구하던 중 마침내 치료제 개발에 성공한 모비우스는 새 생명과 강력한 힘을 얻게 되지만, 동시에 흡혈을 하지 않고는 생명을 유지할 수 없게 된다. 그러던 중 모비우스와 같은 병을 앓고 있던 그의 친구 마일로도 모비우스와 같은 힘을 얻게 되는데…", "poster_path": "/8uiV88A5eB7PjMTtY6lQBUZ0Cpl.jpg", "popularity": 375.64, "adult": false, "release_date": "2022-03-30", "is_latest": false, "is_popular": true, "genre_ids": [14, 28, 878], "likes_user": [], "store_user": []}}, {"model": "movies.movie", "pk": 114, "fields": {"title": "바비", "overview": "원하는 무엇이든 될 수 있는 바비랜드에서 살아가던 바비가 현실 세계와 이어진 포털의 균열을 발견하게 되고, 이를 해결하기 위해 켄과 예기치 못한 여정을 떠나면서 펼쳐지는 이야기", "poster_path": "/h3mUJ9WEJ8PzA450ad4hrjsaiqG.jpg", "popularity": 475.967, "adult": false, "release_date": "2023-07-19", "is_latest": false, "is_popular": true, "genre_ids": [12, 35], "likes_user": [], "store_user": []}}, {"model": "movies.movie", "pk": 115, "fields": {"title": "저지 드레드", "overview": "{서기 2천년대에 세상이 바뀌었다. 기후(Climate), 국가(Nation) 그 모든 것이 격변했다. 지표는 오염되어 매마른 사막으로 변하고 그 저주받은 땅(The Cursed Earth)을 피해 수 백 수 천만의 사람들이 몇 안되는 거대 도시에 모여살게 되자 거리는 폭력으로 얼룩졌다. 정부는 치안 능력을 상실하고 법은 무너졌다. 혼란 속에서 새 질서가 탄생했다. 한 손으로 정의를 구현하며 다른 한 손으로 처벌권을 행사하는 새로운 엘리트 집단이 다스리는 사회, 새 통치자들은 경찰이자 배심원이었으며 심판자였다. 사람들은 그를 판사(The Judges)라 불렀다.}  서기 2139년, 그 옛날 뉴욕이었던 메가 씨티 원. 인구 6500만의 이 도시는 폭동과 소요로 들썩거리고 있다. 이 곳의 법과 질서를 전복하려는 무서운 음모에 의해 가장 강력한 심판자로 두려움의 대상인 대상인 드레드(실베스터 스탤론 분)가 살인 누명을 쓴다. 그를 도우려는 선임 판사(막스 본 시도우 분)와 동료 허쉬(다이안 레인 분)의 노력도 소용없이, 드레드는 무기형을 언도 받고 도시에서 추방되는데.  [스포일러] 이 음모의 배후 인물은 사악한 천재 리코(아만드 아산테 분). '야누스 프로젝트'란 비밀실험에 의해 탄생한 드레드는 유전자 결합에 의해 탄생한 인물이다. 그런데, 저지 드레드를 위한 완벽한 유전자 결합 과정에서 악의 화신 리코도 태어난다. 저지 드레드와 리코는 대결의 운명을 안고 태어난 것이다. 흉악한 범죄자 리코는 탈옥한 뒤 부패한 대법관과 짜고 메가시티원을 지배할 음모를 꾸민 것이다.", "poster_path": "/lv1gzLJCf1S9WhfXxNm3OlVA1L2.jpg", "popularity": 352.969, "adult": false, "release_date": "1995-06-30", "is_latest": false, "is_popular": true, "genre_ids": [878], "likes_user": [], "store_user": []}}, {"model": "movies.movie", "pk": 116, "fields": {"title": "엑스맨: 다크 피닉스", "overview": "어린 시절 비극적 교통사고로 능력을 알게 된 진 그레이는 자비에 영재학교에서 새로운 가족을 맞이하게 된다. 엄청난 잠재능력을 지닌 그녀는 엑스맨으로 성장해 우주에서 구조 임무를 수행하던 중 목숨을 잃을 뻔한 사고를 겪고, 폭주하는 힘과 억눌려왔던 어둠에 눈을 뜨게 된 그녀는 엑스맨의 가장 강력하고 파괴적인 적, 다크 피닉스로 변하게 된다. 프로페서 X는 물론 매그니토까지 능가하는 두려운 존재가 된 그녀 앞에 힘을 이용하려는 미스터리한 외계 존재가 나타나 그녀를 뒤흔들고, 엑스맨은 사랑하는 친구이자 가장 강력한 적이 된 다크 피닉스와 맞서야 하는데...", "poster_path": "/rNRfYkuRvM0z1RWHPbc2I8HCdvd.jpg", "popularity": 389.223, "adult": false, "release_date": "2019-06-05", "is_latest": false, "is_popular": true, "genre_ids": [12, 28, 878], "likes_user": [], "store_user": []}}, {"model": "movies.movie", "pk": 117, "fields": {"title": "인셉션", "overview": "타인의 꿈에 들어가 생각을 훔치는 특수 보안요원 코브. 그를 이용해 라이벌 기업의 정보를 빼내고자 하는 사이토는 코브에게 생각을 훔치는 것이 아닌, 생각을 심는 ‘인셉션’ 작전을 제안한다. 성공 조건으로 국제적인 수배자가 되어있는 코브의 신분을 바꿔주겠다는 거부할 수 없는 제안을 하고, 사랑하는 아이들에게 돌아가기 위해 그 제안을 받아들인다. 최강의 팀을 구성, 표적인 피셔에게 접근해서 ‘인셉션’ 작전을 실행하지만 예기치 못한 사건들과 마주하게 되는데… 꿈 VS 현실! 시간, 규칙, 타이밍 모든 것이 완벽해야만 하는, 단 한 번도 성공한 적 없는 ‘인셉션’ 작전이 시작된다!", "poster_path": "/zTgjeblxSLSvomt6F6UYtpiD4n7.jpg", "popularity": 390.659, "adult": false, "release_date": "2010-07-15", "is_latest": false, "is_popular": true, "genre_ids": [12, 28, 878], "likes_user": [], "store_user": []}}, {"model": "movies.movie", "pk": 118, "fields": {"title": "사일런스", "overview": "17세기, 선교를 떠난 ‘페레이라’ 신부(리암 니슨)의 실종 소식을 들은 ‘로드리게스’(앤드류 가필드)와  ‘가르페’(아담 드라이버) 신부는 사라진 스승을 찾고 복음을 전파하기 위해  목숨을 걸고 일본으로 떠난다.  천주교에 대한 박해가 한창인 그 곳에서,  두 신부는 어렵게 믿음을 이어가고 있는 사람들과 마주하게 된다.  생각보다 훨씬 더 처참한 광경을 목격한 두 신부는  고통과 절망에 빠진 이들에게 침묵하는 신을 원망하며 온전한 믿음마저 흔들리게 되는데…", "poster_path": "/ww6q47tBUePDeRDJulnA8g3lIlt.jpg", "popularity": 346.958, "adult": false, "release_date": "2016-12-22", "is_latest": false, "is_popular": true, "genre_ids": [18, 136], "likes_user": [], "store_user": []}}, {"model": "movies.movie", "pk": 119, "fields": {"title": "바빌론", "overview": "황홀하면서도 위태로운 고대 도시 바빌론에 비유되는 할리우드에서 전성기를 누리고 있는 당대 최고의 스타 잭 콘래드.  누구나 잭과 같은 성공을 꿈꾸지만 아무나 이룰 수 없던 그 때, 화려한 데뷔를 위해 당차게 야망을 좇는 넬리 라로이와 열정적인 청년 매니 토레스가 영화 같은 삶을 꿈꾸며 할리우드에 입성한다. 하지만 할리우드에서는 기존 영화 산업의 틀을 깬 새로운 변화가 시작되고 그 격변의 한가운데에서 잭과 넬리, 그리고 매니는 살아남아 각자의 꿈을 이루기 위해 고군분투하는데...", "poster_path": "/6JQtIajMe70HWtBf7uZ1ZyWiW1F.jpg", "popularity": 372.604, "adult": false, "release_date": "2022-12-22", "is_latest": false, "is_popular": true, "genre_ids": [18, 35], "likes_user": [], "store_user": []}}, {"model": "movies.movie", "pk": 120, "fields": {"title": "혹성탈출: 진화의 시작", "overview": "아버지의 알츠하이머 치료약 개발을 위해 유인원을 이용, 임상시험에 몰두하는 과학자 윌(제임스 프랭코). 실험에 참가한 한 유인원에게서 어린 시저(앤디 서키스)가 태어나자 연구를 위해 그를 집으로 데려와 가족처럼 함께 지내게 된다. 하지만 시간이 지날수록 시저의 지능은 인간을 능가하게 되고, 어느 날 이웃집 남자와 시비가 붙은 윌의 아버지를 본능적으로 보호하려는 과정에서 인간을 공격한 시저는 결국 유인원 보호시설로 보내진다. 시저는 자신이 인간과 다른 존재라는 것을 서서히 자각하게 되고, 유인원 집단과 그들을 적대시하는 인간과의 전쟁은 피할 수 없게 되는데...", "poster_path": "/ik3cempRee837ETSXUYCGpDyzN7.jpg", "popularity": 425.021, "adult": false, "release_date": "2011-08-03", "is_latest": false, "is_popular": true, "genre_ids": [18, 28, 53, 878], "likes_user": [], "store_user": []}}, {"model": "movies.movie", "pk": 121, "fields": {"title": "파묘", "overview": "미국 LA, 거액의 의뢰를 받은 무당 화림과 봉길은 기이한 병이 대물림되는 집안의 장손을 만난다. 조상의 묫자리가 화근임을 알아챈 화림은 이장을 권하고, 돈 냄새를 맡은 최고의 풍수사 상덕과 장의사 영근이 합류한다. 절대 사람이 묻힐 수 없는 악지에 자리한 기이한 묘. 상덕은 불길한 기운을 느끼고 제안을 거절하지만, 화림의 설득으로 결국 파묘가 시작되고… 나와서는 안될 것이 나왔다.", "poster_path": "/tw0i3kkmOTjDjGFZTLHKhoeXVvA.jpg", "popularity": 647.226, "adult": false, "release_date": "2024-02-22", "is_latest": false, "is_popular": true, "genre_ids": [27, 53, 9648], "likes_user": [], "store_user": []}}, {"model": "movies.movie", "pk": 122, "fields": {"title": "23 아이덴티티", "overview": "23개의 인격을 가진 남자 케빈(제임스 맥어보이). 어릴 때 엄마에게 학대를 당한 그는 자신을 보호하기 위해 인격들의 리더인 배리, 미성숙한 9살 소년 헤드윅, 여성 패트리샤, 강박증이 있는 데니스 등 23개의 인격을 만들어냈다. 유일하게 자신을 이해하는 플레처 박사(베티 버클리)와 상담을 나누며 인격들을 컨트롤하던 그에게 어느 날 비스트라는 24번째 인격에 대한 믿음이 생겨난다. 비스트를 불러내고자 하는 인격들은 세명의 10대 소녀 케이시, 클레어, 마샤를 납치해 감금한다. 케이시는 과거 아버지와 사냥했던 경험과 삼촌에게 학대당했던 기억을 상기하며 탈출 방법을 찾아나간다.", "poster_path": "/pF58P50otT55n4H1ELw1qtUrTcS.jpg", "popularity": 356.717, "adult": false, "release_date": "2017-01-19", "is_latest": false, "is_popular": true, "genre_ids": [27, 53], "likes_user": [], "store_user": []}}, {"model": "movies.movie", "pk": 123, "fields": {"title": "극장판 스파이 패밀리 코드 : 화이트", "overview": "세계 각국이 물밑에서 치열하게 정보전을 펼치고 있는 시대. 서로의 정체를 숨긴 채 결성된 위장 가족의 아버지 '로이드(스파이)'와 어머니 '요르(암살자)’, 딸 '아냐(초능력자)'는 각자의 목표를 위해 비밀스러운 임무를 수행한다. 오퍼레이션 올빼미 작전을 위해 첫 가족 여행을 떠나던 중, ‘아냐’는 열차 안에서 수상한 캐리어를 발견하고 그 안의 초콜릿을 실수로 그만 삼켜버리고 마는데… 엄청난 비밀이 숨겨진 초콜릿과 여행지에서 생기는 해프닝의 연속!! 세계의 명운은, 다시 이 위장 가족에게 맡겨졌다!", "poster_path": "/rlMJfgo8xXHkqgICy9kh4CWyQTu.jpg", "popularity": 467.942, "adult": false, "release_date": "2023-12-22", "is_latest": false, "is_popular": true, "genre_ids": [12, 16, 28, 35], "likes_user": [], "store_user": []}}, {"model": "movies.movie", "pk": 124, "fields": {"title": "인터스텔라", "overview": "세계 각국의 정부와 경제가 완전히 붕괴된 미래가 다가온다. 지난 20세기에 범한 잘못이 전 세계적인 식량 부족을 불러왔고, NASA도 해체되었다. 나사 소속 우주비행사였던 쿠퍼는 지구에 몰아친 식량난으로 옥수수나 키우며 살고 있다. 거센 황사가 몰아친 어느 날 알 수 없는 힘에 이끌려 딸과 함께 도착한 곳은 인류가 이주할 행성을 찾는 나사의 비밀본부. 이 때 시공간에 불가사의한 틈이 열리고, 이 곳을 탐험해 인류를 구해야 하는 임무를 위해 쿠퍼는 만류하는 딸을 뒤로한 채 우주선에 탑승하는데...", "poster_path": "/zDNAeWU0PxKolEX1D8Vn1qWhGjH.jpg", "popularity": 407.63, "adult": false, "release_date": "2014-11-05", "is_latest": false, "is_popular": true, "genre_ids": [12, 18, 878], "likes_user": [], "store_user": []}}, {"model": "movies.movie", "pk": 125, "fields": {"title": "베이워치: SOS 해상 구조대", "overview": "미치 뷰캐넌 이 대장으로 있는 해양구조대에 올림픽 수영 메달리스트 맷 브로디 가 합류한다. 이기적인 성격의 맷은 미치와 항상 티격태격하게 된다. 한편 해변에서는 플라카라고 불리는 마약이 자꾸만 발견되고 시의원이 죽는 사고도 벌어진다. 이것은 해변의 땅값을 떨어뜨린 뒤 몽땅 사들여 사유지화 하려는 거대 클럽의 사장 리즈 빅토리아의 음모였으며 이미 공무원들까지 매수된 상태였다. 눈치빠른 미치는 맷을 비롯하여 섬머, C.J, 로니 등 대원들과 함께 리즈의 음모를 파헤치며 해변을 지켜내기 위한 작전을 개시한다.", "poster_path": "/6HE4xd8zloDqmjMZuhUCCw2UcY1.jpg", "popularity": 370.356, "adult": false, "release_date": "2017-05-25", "is_latest": false, "is_popular": true, "genre_ids": [28, 35, 80], "likes_user": [], "store_user": []}}, {"model": "movies.movie", "pk": 126, "fields": {"title": "살인병동", "overview": "순찰 중이던 데니얼(아론 풀)은 길가에 쓰러진 사람을 발견하고 인근 병원으로 데려간다. 그를 데려간지 얼마지나지 않아 병원에서 살인사건이 일어나고, 범인은 데니엘도 공격하려다 살해를 당한다. 곧바로 출동한 경감에게 현장을 넘기고 퇴근하려던 데니얼에게 흰색 옷의 괴한들이 나타나 공격을 가하게 되고, 병원 안의 사람들은 병원에 갇히게 된다.  그때 데니얼에게 살해 된 여성이 괴물로 변해 사람들을 공격하게 되고, 곧이어 들이닥친 두 명의 남자들은 데니엘에 의해 실려온 남성의 신변을 요구하고 나선다. 한순간에 아수라장이 되어 버린 병원. 그리고 드러나는 괴물의 정체들. 과연 이곳에서는 무슨 일이 일어나고 있는 것이며, 데니얼을 둘러싼 그 사람들의 정체는 과연 누구일까?", "poster_path": "/c0WLRyT0AmUi41nVXBnqmJshIBn.jpg", "popularity": 336.516, "adult": false, "release_date": "2016-09-22", "is_latest": false, "is_popular": true, "genre_ids": [27, 878, 9648], "likes_user": [], "store_user": []}}, {"model": "movies.movie", "pk": 127, "fields": {"title": "크립쇼", "overview": "1982년에 스티븐 킹 원작의 단편 다섯 개를 조지 로메로 감독이 옴니버스 형식으로 영화로 만든 작품.\r 내용은 크리프스 쇼라는 만화책의 광팬인 아이가 아버지한테 혼이 난 뒤 쓰레기통에 버려진 만화책이 크리프스라는 해골 귀신에 의해 저절로 페이지가 넘어가면서 다섯 편의 이야기를 하는 것", "poster_path": "/4SoyTCEpsgLjX6yAyMsx3AsAyRQ.jpg", "popularity": 337.798, "adult": false, "release_date": "1982-11-10", "is_latest": false, "is_popular": true, "genre_ids": [27, 35], "likes_user": [], "store_user": []}}, {"model": "movies.movie", "pk": 128, "fields": {"title": "택시 드라이버", "overview": "트래비스는 베트남전에서 귀환한 후 불면증에 시달리며 사회에 적응하지 못하고 있다. 그래서 그는 택시 운전기사로 일하며 뉴욕의 밤거리를 다니며 타락한 사회를 보고 자신이 직접 이 악들을 제거하려고 마음 먹는다. 어느 날 트래비스는 우연히 12살 짜리 창녀 아이리스를 만나게 되고 그녀의 인생을 구하려 하지만 그녀는 집으로 돌아가길 꺼려 한다. 자신은 아무 것도 할 수 없다는 생각에 무기력해진 트래비스는 4개의 권총을 구입하고 상원의원 팔렌타인을 저격하러 나선다. 하지만 엉뚱하게도 사창가에서 피비린내 나는 총격전을 벌인 끝에 아이리스를 묶어두고 있던 포주 스포츠를 살해하고 마는데...", "poster_path": "/nJFKg6pyfmkLKttiLQKQuLZBLKH.jpg", "popularity": 361.947, "adult": false, "release_date": "1976-02-09", "is_latest": false, "is_popular": true, "genre_ids": [18, 80], "likes_user": [], "store_user": []}}, {"model": "movies.movie", "pk": 129, "fields": {"title": "데스 위시", "overview": "법의 테두리 밖에서 정의를 실현하는 남자 폴 커시.그러나 위험천만한 이중생활을 이어갈수록 점점 더 조여오는 수사망. 모든 걸 끝낼 마지막 목표를 사수하라!", "poster_path": "/5wi4AJVm07MBdZul37J8f8lYy2a.jpg", "popularity": 344.728, "adult": false, "release_date": "2018-03-02", "is_latest": false, "is_popular": true, "genre_ids": [18, 28, 53, 80], "likes_user": [], "store_user": []}}, {"model": "movies.movie", "pk": 130, "fields": {"title": "할로윈", "overview": "마이클이 특별 정신병원에 갇히게 된 지 40년이라는 세월이 지났다. 살아남은 로리(제이미 리 커티스)도 이제 할머니가 되었지만, 그날의 악몽을 잊을 수가 없다. 어느 날, 한 다큐멘터리 팀이 마이클을 인터뷰하러 가는데, 이를 계기로 그가 탈출하게 된다. 그리고 40년 전에 죽이지 못한 로리를 찾아 다시 고향마을로 돌아온다.", "poster_path": "/wnJeyVsUbhnen4hZbYoJdjJHK2c.jpg", "popularity": 349.186, "adult": false, "release_date": "2018-10-18", "is_latest": false, "is_popular": true, "genre_ids": [27, 53], "likes_user": [], "store_user": []}}, {"model": "movies.movie", "pk": 131, "fields": {"title": "로드 하우스", "overview": "전직 UFC 파이터 돌턴은 플로리다키스 제도의 로드 하우스에서 경비원으로 일하게 되지만, 이곳이 보이는 것 같은 낙원이 결코 아니라는 걸 알게 된다.", "poster_path": "/bXi6IQiQDHD00JFio5ZSZOeRSBh.jpg", "popularity": 483.286, "adult": false, "release_date": "2024-03-08", "is_latest": false, "is_popular": true, "genre_ids": [28, 53], "likes_user": [], "store_user": []}}, {"model": "movies.movie", "pk": 132, "fields": {"title": "이매큘레이트", "overview": "신앙심이 깊은 미국인 수녀 세실리아는 이탈리아의 한 외딴 수녀원에서 새로운 여정을 시작하게 된다. 처음엔 따뜻한 환영을 받지만 그 곳에 끔찍한 비밀과 말할 수 없는 공포가 도사리고 있음을 깨닫게 되면서 악몽이 시작되는데...", "poster_path": "/fdZpvODTX5wwkD0ikZNaClE4AoW.jpg", "popularity": 470.789, "adult": false, "release_date": "2024-03-20", "is_latest": false, "is_popular": true, "genre_ids": [27, 53, 9648], "likes_user": [], "store_user": []}}, {"model": "movies.movie", "pk": 133, "fields": {"title": "로건 럭키", "overview": "미국 남부의 시골 웨스트버지니아, 로건 삼남매는 가난하게 살아가는 평범한 사람들이다. 큰형 지미(채닝 테이텀)는 다리가 불편해 하루아침에 일자리를 잃었다. 동생 클라이드(애덤 드라이버)는 바텐더인데 군에서 복무할 때 한손을 잃었다. 막내 멜리(라일리 코프)는 운전을 즐기고 미용실에서 일한다. 지미는 레이싱 시합 경기장에서 공사 인부로 일하다가 경기장 곳곳에서 벌어들이는 돈이 지하 금고에 모이는 과정을 알게 되고, 동생 클라이드와 함께 그 돈을 손에 넣을 계획을 꾸민다. 두 형제는 감옥에 수감된 폭파 전문가 조 뱅(대니얼 크레이그)을 탈옥시키고, 조 뱅의 동생까지 그들의 계획에 끌어들인다. 로건 형제와 조 뱅 형제들은 막내 여동생 멜리의 도움을 받아 레이싱 경기장에 잠입하는데...", "poster_path": "/9qcCJ6GiWkoHclEG0E1dtU4WTvT.jpg", "popularity": 331.752, "adult": false, "release_date": "2017-08-17", "is_latest": false, "is_popular": true, "genre_ids": [18, 28, 35, 80], "likes_user": [], "store_user": []}}, {"model": "movies.movie", "pk": 134, "fields": {"title": "아쿠아맨", "overview": "정략결혼을 피해 해저 왕국 아틀란티스에서 도망쳐 육지로 오게 된 아틀라나는 등대지기 톰과 사랑에 빠진다. 아틀란티스의 세력으로부터 남편과 아들 아서를 지키기 위해서 아틀라나는 바다로 돌아가고, 육지에 남은 아서는 어릴 때부터 자신의 초능력을 인지해 인간세계의 해적을 물리치는 등 나름의 활약을 펼친다. 한편 아서의 이부형제 옴은 육지를 정복하기 위한 작전을 세운다. 옴의 약혼자이자 네레우스 왕의 딸 메라는 아서에게 평화를 위해 해저 7개 왕국의 왕이 되어야만 한다고 설득하는데...", "poster_path": "/5tetypC0S7BwpBk1ZG36wExvNYj.jpg", "popularity": 302.733, "adult": false, "release_date": "2018-12-07", "is_latest": false, "is_popular": true, "genre_ids": [12, 14, 28], "likes_user": [], "store_user": []}}, {"model": "movies.movie", "pk": 135, "fields": {"title": "닥터 스트레인지", "overview": "오만함과 실력 모두 최고인 신경외과 의사 닥터 스티븐 스트레인지는 운전 중에 핸드폰을 한 대가로 두 손의 신경이 끊어지는 심각한 부상을 입고 큰 상심에 빠진다. 게다가 모난 말들로 사랑하는 여인 크리스틴 팔머마저 그의 곁을 떠나게 만든다. 그는 치료를 위해 히말라야의 영적 지도자, 에인션트 원을 만나 마지막 희망을 걸고 수련을 시작한다. 스트레인지는 빠르게 마법을 터득해 나가는 동시에 세계의 작동원리와 우주를 정복하려는 도르마무 일당의 계략을 알게 된다. 모든 것을 초월한 최강의 히어로로 거듭나는데...", "poster_path": "/xA7ic72L0mejJX1SYMU38F7wwiF.jpg", "popularity": 346.441, "adult": false, "release_date": "2016-10-25", "is_latest": false, "is_popular": true, "genre_ids": [12, 14, 28], "likes_user": [], "store_user": []}}, {"model": "movies.movie", "pk": 136, "fields": {"title": "엔젤 하트", "overview": "1955년, 뉴욕의 사립 탐정 엔젤은 어느 날 사이퍼라는 사람으로부터 사건 의뢰를 받는다. 2차 대전 중 부상으로 식물 인간이 되어 12년간 병원 생활을 하다 얼마 전 실종된 가수 쟈니 페이버릿을 찾는 일이였다. 사건의 조사는 12년간 그가 입원했던 병원에서부터 시작된다. 그러나 엔젤이 만난 사람들이 차례차례 시체로 발견되고 쟈니의 행적은 더욱 미묘해지는데...", "poster_path": "/6qlfnohud4p1MjupJ20fotk3tgG.jpg", "popularity": 342.261, "adult": false, "release_date": "1987-03-06", "is_latest": false, "is_popular": true, "genre_ids": [27, 9648], "likes_user": [], "store_user": []}}, {"model": "movies.movie", "pk": 137, "fields": {"title": "더 마블스", "overview": "강력한 힘으로 은하계를 수호하는 최강 히어로 캡틴 마블 캐럴 댄버스. 캡틴 마블의 오랜 친구의 딸이자, 빛의 파장을 조작하는 히어로 모니카 램보. 최애 히어로 캡틴 마블의 열렬한 팬인 미즈 마블 카말라 칸. 캡틴 마블에 대한 복수를 꿈꾸는 냉혹한 크리족 리더 다르-벤의 영향으로 세 명의 히어로는 능력을 사용할 때마다 서로의 위치가 뒤바뀌게 된다. 뜻하지 않게 우주와 지구를 넘나들게 되는 예측 불가하고 통제 불가한 상황 속, 다르-벤은 지구를 포함해 캡틴 마블이 고향이라고 부르는 수많은 행성을 모두 파멸시키려 하고, 이를 저지하기 위해 모인 팀 마블스는 하나로 힘을 모으는데…", "poster_path": "/qApkjVJzZ2nkFUcFhcYkTBaRnNj.jpg", "popularity": 386.437, "adult": false, "release_date": "2023-11-08", "is_latest": false, "is_popular": true, "genre_ids": [12, 28, 878], "likes_user": [], "store_user": []}}, {"model": "movies.movie", "pk": 138, "fields": {"title": "토탈 리콜", "overview": "평범한 일상을 보내던 더글라스 퀘이드(콜린 파렐)는 매일 아침 의미를 알수 없는 악몽에서 깨어나며 괴로워한다. 그러던 어느날, 완벽한 기억을 심어서 고객이 원하는 환상을 현실로 바꿔준다는 “리콜사”를 방문해 자신의 꿈을 체험해 보기로 한다. 하지만 기억을 심는 과정에서 의문의 사고가 일어나고 그는 정신을 차릴 틈도 없이 전세계의 운명이 걸린 거대한 음모 속에 휘말리게 된다. 졸지에 스파이로 몰리게 된 퀘이드. 거대한 세력을 상대로 숨막히는 추격전이 시작되고, 심지어 사랑하는 아내 로리(케이트 베킨세일)마저 자신을 죽이려 한다. 한편, 갑자기 자신 앞에 나타난 의문의 여인 멜리나(제시카 비엘)는 그에게 적에 맞서 싸우자 제안하고, 현실과 심어진 기억의 경계에서 퀘이드는 점점 더 혼란스러워하는데…", "poster_path": "/dj7qkLlOEAWVTM409HRrEFeAt7M.jpg", "popularity": 333.509, "adult": false, "release_date": "2012-08-02", "is_latest": false, "is_popular": true, "genre_ids": [28, 53, 878], "likes_user": [], "store_user": []}}, {"model": "movies.movie", "pk": 139, "fields": {"title": "외계+인 1부", "overview": "2022년 현재, 가드와 썬더는 인간의 몸에 가두어진 외계인 죄수를 관리하며 지구에 살고 있다. 어느 날, 서울 상공에 우주선이 나타나고 형사 문도석은 기이한 광경을 목격하게 되는데.. 한편, 630년 전 고려시대 얼치기 도사 무륵과 천둥 쏘는 처자 이안이 엄청난 현상금이 걸린 신검을 차지하기 위해 서로를 속고 속이는 가운데 신검의 비밀을 찾는 두 신선 흑설과 청운, 가면 속의 자장도 신검 쟁탈전에 나선다. 그리고 우주선이 깊은 계곡에서 빛을 내며 떠오르는데…", "poster_path": "/ynyN9hdxL5vq7GnSX8Fdz3TfoTE.jpg", "popularity": 416.866, "adult": false, "release_date": "2022-07-20", "is_latest": false, "is_popular": true, "genre_ids": [12, 14, 28, 878], "likes_user": [], "store_user": []}}, {"model": "movies.movie", "pk": 140, "fields": {"title": "스탠 바이 미", "overview": "오레곤주의 작은 마을 캐슬록. 섬세한 성격으로 문학에 소질이 있는 고디, 알콜 중독인 아버지 밑에서 갑갑한 생활을 하지만 타고난 리더쉽으로 동네 꼬마들을 지휘하는 크리스, 2차대전의 영웅이었던 아버지를 존경하는 열정의 소년 테디, 착한 꼬마 뚱보 번은 이 마을에서 사는 단짝 친구들이다. 어느 날 번은 패거리들에게 며칠 전 행방불명된 소년의 시체가 저멀리 숲속에 있다는 소식을 전해준다. 만약 시체를 찾아낸다면 마을의 영웅이 되는 것. 네 명의 소년은 호기심과 모험심을 억누르지 못하고 숲을 향해 여행을 떠난다.", "poster_path": "/gLYbrbNQrw08CYPyCQxAKTmtRvM.jpg", "popularity": 330.648, "adult": false, "release_date": "1986-08-08", "is_latest": false, "is_popular": true, "genre_ids": [18, 80], "likes_user": [], "store_user": []}}, {"model": "movies.movie", "pk": 141, "fields": {"title": "사옌 3: 사냥꾼", "overview": "피스크를 혼자 쓰러트릴 수 없다는 것을 깨달은 사옌은 지하 저항 단체와 팀을 이루어 피스크의 무분별한 약탈을 폭로하고 완전히 끝내 버릴 계획을 세운다.", "poster_path": "/btmngK5iXaxyAEl0ScIWCQG2ITr.jpg", "popularity": 408.552, "adult": false, "release_date": "2024-04-26", "is_latest": false, "is_popular": true, "genre_ids": [28, 53], "likes_user": [], "store_user": []}}, {"model": "movies.movie", "pk": 142, "fields": {"title": "데미지드", "overview": "시카고의 한 형사는 새롭게 나타난 연쇄 살인범의 범행이 5년 전 그가 조사했던 사건과 유사하다는 사실을 알게되었고, 그 중 하나가 그의 살해된 여자 친구의 범죄 현장이었다는 것을 알게 되어 스코틀랜드로 향하는데...", "poster_path": "/u3aPmYOkd8GclXg8nTvKQ4w1f7L.jpg", "popularity": 366.613, "adult": false, "release_date": "2024-04-12", "is_latest": false, "is_popular": true, "genre_ids": [28, 53, 80], "likes_user": [], "store_user": []}}, {"model": "movies.movie", "pk": 143, "fields": {"title": "베이비 드라이버", "overview": "베이비(앤설 엘고트)는 탈출 전문 드라이버다. 은행 강도 등 범죄의 설계자인 박사(케빈 스페이스)에게 약점이 잡혀 일을 하고 있지만 손을 씻고 새로운 생활을 꿈꾼다. 어린 시절 교통사고를 당해 청력에 이상이 생긴 베이비는 이어폰을 끼고 음악을 들으며 안정을 유지한다. 어느 날 자주 가는 식당에서 종업원인 데보라(릴리 제임스)를 만나 마음을 나누는 베이비. 하지만 마지막인 줄 알았던 범죄는 그의 발목을 놓아주지 않고 배츠(제이미 폭스), 버디(존 햄), 달링(에이사 곤살레스)과 함께 최후의 한탕을 준비한다.", "poster_path": "/fUfZ2zECULlN0pGPgXkez5rF7Hj.jpg", "popularity": 330.097, "adult": false, "release_date": "2017-06-28", "is_latest": false, "is_popular": true, "genre_ids": [28, 80], "likes_user": [], "store_user": []}}, {"model": "movies.movie", "pk": 144, "fields": {"title": "스카페이스", "overview": "1980년 5월 쿠바가 마리엘 항을 개항하여 반카스트로 지지자들이 미국 플로리다에 입항한다. 토니 몬타나와 마니리베라도 이민 수용소로 보내진다. 3개월 후 마니가 수용소에 있는 레벤가라는 자를 살해해 주면 신분증을 입수해 주겠다는 일을 받아 수용소에 폭동을 일으켜 레벤가를 암살한다. 접시닦이로 근근히 살아가던 토니는 프랭크의 부하로부터 콜롬비아 마약상과의 거래일을 맡았다가 위험천만한 위기를 넘긴다. 그 사건을 계기로, 토니는 프랭크의 신임을 얻고 그의 부하가 되지만, 수 개월 후 결국 자신을 없애려는 프랭크를 죽이고 조직을 장악, 보스 자리에 오르는데...", "poster_path": "/zx7sXrMISbs8RI4URbjPyKocRgP.jpg", "popularity": 329.698, "adult": false, "release_date": "1983-12-09", "is_latest": false, "is_popular": true, "genre_ids": [18, 28, 80], "likes_user": [], "store_user": []}}, {"model": "movies.movie", "pk": 145, "fields": {"title": "베놈", "overview": "진실을 위해서라면 몸을 사리지 않고 사회의 부조리를 취재하는 정의로운 열혈 기자 에디 브록. 거대 기업 라이프 파운데이션의 생체실험에 의혹을 품고 뒤를 쫓던 그는 이들의 사무실에 잠입했다가 실험실에서 외계 생물체 심비오트의 기습 공격을 받게 된다. 심비오트가 숙주의 몸과 정신을 지배할 때 능력을 발휘하는 베놈은 에디의 몸에 기생하며 갖가지 소동을 일으킨다. 한편 비밀리에 인간과 심비오트를 결합해 새로운 생명체를 만들려는 시도를 계속하던 라이프 파운데이션의 회장 드레이크 또한 심비오트의 숙주가 된다.", "poster_path": "/x4ojC59pYfPlAP4mmy2LSkCCuK2.jpg", "popularity": 338.542, "adult": false, "release_date": "2018-09-28", "is_latest": false, "is_popular": true, "genre_ids": [28, 878], "likes_user": [], "store_user": []}}, {"model": "movies.movie", "pk": 146, "fields": {"title": "오멘", "overview": "6월 6일 새벽 6시 로마  갓 태어난 아들이 죽었다는 소식을 들은 쏜 대사는 같은 시각 같은 병원에서 태어난 데미안을 아무도 모르게 데려와 친자식처럼 키운다. 5년 뒤 유모가 데미안을 부르며 건물 난간에서 떨어져 목 매달아 죽는 이상한 사건이 발생한다. 브레넌 신부라는 사람이 쏜 대사를 찾아와 데미안은 일류의 파멸을 위해 보내진 악마의 아들이라는 사실을 듣게 된다. 또 데미안을 죽이지 않으면, 부인도 뱃속에 든 태아도 죽게 되며 데미안은 쏜 대사의 직위와 재산을 발판으로 전세계를 악마의 손아귀에 넣으려 하고, 이는 요한 계시록에 예언되어 있다고 한다. 그러던 중 신부의 예언대로 부인이 이층에서 떨어져 아이가 유산되고 신부는 비명에 횡사한다. 무당 부겐하겐을 찾아가 없애는 법을 듣고 집에 돌아온 쏜 대사는 데미안이 악마의 아들이란 표시 666이란 점이 머리카락 밑에 있는 걸 확인하고 죽이려한다. 이때 비밀이 밝혀지자 데미안을 보호하고 있는 저승 사자인 데미안의 새 유모가 쏜에게 달려들자, 결국 쏜은 유모에게 칼을 드는데...", "poster_path": "/sJ699i4etPEVM0Atb0O8PWofrCr.jpg", "popularity": 325.308, "adult": false, "release_date": "1976-06-25", "is_latest": false, "is_popular": true, "genre_ids": [27, 53], "likes_user": [], "store_user": []}}, {"model": "movies.movie", "pk": 147, "fields": {"title": "브룩클린의 아이들", "overview": "스피이크 리가 자신의 어린 시절을 보낸 브룩클린의 이웃을 소재로 만든 작품.  학교 선생님인 엄마와 재즈 뮤지션인 아빠 그리고 개구장이 5남매가 함께 사는 브룩클린의 카마이클 가족, 비록 넉넉하지는 못한 생활이지만 빈민가에서 이웃들과 서로 싸우기도 웃기도 하면서 즐겁게 살아가고 있다. 특히 옆집에 사는 백인 토미와는 앙숙지간으로 서로 쓰레기를 버리며 충돌이 끊이는 날이 없다. 아빠가 자기만의 음악을 하겠다고 직업을 버리는 바람에 엄마 혼자 살림을 꾸려나가고 있는 카마이클 가족. 결국 전기료를 내지 못해 전기선까지 끊기고 엄마와 아빠는 자식들 중 어린 트로이와 죠셉을 당분간 친척집에 맡긴다. 그러던 어느날 친척집에서 지내던 트로이에게 엄마가 병원에 입원했다는 소식이 날아드는데.", "poster_path": "/iFqe07F78SO0SIBzWcK4I5MwNvP.jpg", "popularity": 294.918, "adult": false, "release_date": "1994-05-13", "is_latest": false, "is_popular": true, "genre_ids": [18, 35], "likes_user": [], "store_user": []}}, {"model": "movies.movie", "pk": 148, "fields": {"title": "차이나타운", "overview": "사립 탐정인 기키스는 의뢰인들을 상대로 남의 뒷을 캐내 불륜 관계 등을 밝혀내는 일을 하는 사람이다. 어느날 어느 부인의 부탁으로 남편인 멀레이라는 수력발전의 권위자의 뒤를 캐내어 그가 어느 여자와 사귀고 있음을 밝혀낸다. 하지만 멀레이의 부인인 에블린이 나타나 의뢰했던 멀레이의 부인은 가짜임이 나타나고, 얼마 뒤 멀레이가 시체로 발견되는데...", "poster_path": "/mQJz8J4naOA7RmCtypTPjgXZIMY.jpg", "popularity": 315.216, "adult": false, "release_date": "1974-06-20", "is_latest": false, "is_popular": true, "genre_ids": [18, 53, 80, 9648], "likes_user": [], "store_user": []}}, {"model": "movies.movie", "pk": 149, "fields": {"title": "스카이스크래퍼", "overview": "사고로 다리를 잃고 은퇴한 FBI 출신의 월 소여는 퇴직 후 보안업체에서 일하게 된다. 능력을 인정받아 세계 최고층 건물인 펄의 보안 전문가로 발탁된다. 아직 개장을 안한 빌딩에 소여의 가족 한 세대만 입주한 상태에서 어느 날 테러리스트들이 빌딩을 점거하고 불을 지른다. 불길과 테러리스트와 사투하면서 소여는 가족들을 구하고 펄의 주인 자오 롱 지와 테러리스트와의 비밀을 파해치기 위해 고군분투 하는데...", "poster_path": "/5PjCzUUVSFlxDl1pzPYLSuT19At.jpg", "popularity": 303.686, "adult": false, "release_date": "2018-07-11", "is_latest": false, "is_popular": true, "genre_ids": [12, 28, 53], "likes_user": [], "store_user": []}}, {"model": "movies.movie", "pk": 150, "fields": {"title": "링스", "overview": "‘홀트’는 우연히 보고 나면 7일 뒤에 죽게 된다는 저주의 영상을 마주하게 된다.  인터넷과 SNS를 통해 더욱 빠르게 퍼지는 영상의 저주는 그를 구하기 위해 뛰어든 여자친구 ‘줄리아’마저 감염시키고 그들은 죽음을 피하기 위해 저주의 근원을 파헤치기로 한다.  하지만 예정된 시간인 7일보다 죽음의 징후는 더욱 빠르게 퍼지고, 이들은 남은 시간조차 알 수가 없게 되는데…", "poster_path": "/3TkdBJAr6zMmSpHfZR1QLXPhKyn.jpg", "popularity": 295.396, "adult": false, "release_date": "2017-02-01", "is_latest": false, "is_popular": true, "genre_ids": [27], "likes_user": [], "store_user": []}}, {"model": "movies.movie", "pk": 151, "fields": {"title": "프레이", "overview": "300년 전 아메리카, 용맹한 전사를 꿈꾸는 원주민 소녀 나루는 갑작스러운 곰의 습격으로 절체절명의 위기에 놓인 순간, 정체를 알 수 없는 외계 포식자 프레데터를 목격하게 된다.  자신보다 강한 상대를 향한 무자비한 사냥을 시작한 프레데터. 최첨단 기술과 무기로 진화된 외계 포식자 프레데터의 위협이 점점 다가오고 나루는 부족을 지키기 위해 자신만의 기지와 무기로 생존을 건 사투를 시작하는데…", "poster_path": "/eicYAopFKOL3orcNTJZ4TGtZQQ1.jpg", "popularity": 320.931, "adult": false, "release_date": "2022-08-02", "is_latest": false, "is_popular": true, "genre_ids": [28, 53, 878], "likes_user": [], "store_user": []}}, {"model": "movies.movie", "pk": 152, "fields": {"title": "죠스", "overview": "뉴 잉글랜드의 작은 해안 피서지 애미티(Amity). 아주 평화로운 바닷가 마을로, 우정이란 뜻을 가진 이 마을은 전형적인 작은 바닷가 마을이다. 이곳은 여름 피서객들을 상대로 하는 것이 마을 수입의 전부다. 여름이 되어 막 해수욕장이 개장하기에 앞서 한 무리의 젊은이들이 한밤의 백사장에서 캠프파이어를 하며 젊음을 불태우고 있다. 이때 한 여자가 옷을 하나씩 벗어 던지면 모래밭을 달려가더니 바다로 헤엄쳐 들어간다. 달빛 아래 바다. 하지만 그 여자는 갑자기 무언가에 물리기라도 한 것처럼 바닷물 속으로 빨려 들어가더니 사라져버린다.  다음날, 바닷물을 싫어하는 도시 출신의 브로디 경찰서장이 전화를 받는다. 여자의 시체가 발견되었다는 것. 악어나 상어에게 묻어 뜯긴 게 분명한 그 시체는 찢겨져 있었고, 그는 즉시 해안을 폐쇄한다. 하지만, 마을의 책임자인 시장은 이 마을은 피서객들로 돈을 버는 곳이데 어떻게 하려고 그러느냐면서, 해안 경비를 강화하고, 감시 속에서 여름 해수욕장을 개장시킨다.  하지만 결국 일은 터지고, 한 소년이 상어의 습격을 받게 된다. 이제 이 마을은 상어의 공포에 휩싸이게 된다. 상어에 현상금이 붙자 상어사냥꾼들이 몰려든다. 하지만 다들 별볼 일 없이 그저 상금만 노리고 온 사람들이다. 그러나 그중에 두 명의 전문가가 찾아온다. 바로 상어 박사인 마틴 후퍼와 이 마을의 어부이자 카리스마 넘치는 퀸터 선장이 그들이다. 결국 브로디 서장과 퀸터 선장, 매트 박사는 배를 타고 바다로 나가 상어 사냥에 나서는데...", "poster_path": "/nRSaeJUXuXFYOQNRSsLvBLmZa48.jpg", "popularity": 314.017, "adult": false, "release_date": "1975-06-20", "is_latest": false, "is_popular": true, "genre_ids": [12, 27, 53], "likes_user": [], "store_user": []}}, {"model": "movies.movie", "pk": 153, "fields": {"title": "샤잠!", "overview": "10대 소년 빌리 뱃슨은 어릴 적 엄마와 헤어진 뒤 위탁 가정을 떠돌고 있다. 한편 어둠의 존재를 봉인 중인 마법사는 자신의 뒤를 이를 후계자를 찾고 있다. 어린 시절 순수하지 못하다는 이유로 마법사에게 거부당한 시바나는 오랜 시간 숨겨진 장소를 찾던 끝에 영원의 바위에 도착하여 7개의 대죄를 해방시키고 어둠의 힘을 얻는다. 이에 마법사는 빌리를 후계자로 정하고 샤잠의 힘을 전수한다. 슈퍼 파워를 얻게 된 빌리는 자신의 능력을 깨닫고 악당을 물리치는 슈퍼히어로로 다시 태어나는데...", "poster_path": "/sPZxApU8d90Czd11S60UqOhuP9R.jpg", "popularity": 306.982, "adult": false, "release_date": "2019-03-29", "is_latest": false, "is_popular": true, "genre_ids": [14, 28, 35], "likes_user": [], "store_user": []}}, {"model": "movies.movie", "pk": 154, "fields": {"title": "신부의 어머니", "overview": "딸 사랑이 각별한 엄마. 딸의 결혼식에 참석하기 위해 열대 섬의 리조트로 떠난다. 그런데 신랑의 아버지가 수십 년 동안 연락 두절이었던 옛 애인이라니.", "poster_path": "/7DVJctQ1XecqkHGEnFg5hb6ljkp.jpg", "popularity": 388.665, "adult": false, "release_date": "2024-05-08", "is_latest": false, "is_popular": true, "genre_ids": [35, 10749], "likes_user": [], "store_user": []}}, {"model": "movies.movie", "pk": 155, "fields": {"title": "U 턴", "overview": "라디에이터 호스가 터진 탓에 수피리어란 소도시에 들르게 된 바비 쿠퍼(숀 펜)는 편의점에서 강도를 당하고 가방에 든 돈은 총을 맞아 휴지 조각이 되어 날아가 버린다. 가진 돈이 한 푼도 없는 바비는 정비소에 맡긴 차도 찾지 못한 채 길을 가다가 우연히 그레이스(제니퍼 로페즈)를 만난다.  그레이스는 제이크(닉 놀티)란 부동산 업자의 아내인데, 그는 이 소도시를 떠나고 싶어한다. 제이크는 바비에게 바람기 많은 아내 그레이스를 죽여 달라고 부탁하는데...", "poster_path": "/bPYARJsSMu6yVdvWo0gOS2BDDql.jpg", "popularity": 298.283, "adult": false, "release_date": "1997-10-03", "is_latest": false, "is_popular": true, "genre_ids": [18, 53, 80], "likes_user": [], "store_user": []}}, {"model": "movies.movie", "pk": 157, "fields": {"title": "레이디 버드", "overview": "스스로에게 레이디 버드라는 이름을 지어준 크리스틴은 엄마가 자신을 레이디 버드로 부르지 않는 것이 불만이다. 게다가 뉴욕 소재의 대학에 진학하고 싶다고 하자 시립대에나 진학하라는 말에 발끈한다. 말로는 엄마를 설득할 수 없을 것 같자 레이디 버드는 달리는 차 안에서 망설임 없이 뛰어내린다. 새크라멘토의 가톨릭 고등학교 졸업반인 레이디 버드는 어떻게든 고리타분한 새크라멘토를 벗어나고 싶어 한다. 우정도 사랑도 엄마와의 관계도 뜻대로 되지 않는 지금 여기에서의 시간에서 벗어나기 위해서라도 레이디 버드에게 뉴욕행은 간절하다.", "poster_path": "/mnBtnrUqchSibHCvCAOUcdcuEDA.jpg", "popularity": 313.562, "adult": false, "release_date": "2017-09-01", "is_latest": false, "is_popular": true, "genre_ids": [18, 35], "likes_user": [], "store_user": []}}, {"model": "movies.movie", "pk": 158, "fields": {"title": "데드풀 2", "overview": "암 치료를 위한 비밀 실험에 참여한 후, 강력한 힐링팩터 능력을 지닌 슈퍼히어로 데드풀로 거듭난 웨이드 윌슨은 여자친구 바네사와 더없이 행복한 시간을 보낸다. 그러나 행복도 잠시, 눈 앞에서 소중한 연인을 잃어버리고 삶의 의미를 상실하지만 자기 치유 능력 때문에 죽고 싶어도 죽지를 못한다. 밑바닥까지 내려간 데드풀은 더 나은 사람이 되기로 결심한다. 한편 미래에서 온 케이블은 러셀을 집요하게 쫓는다. 데드풀은 팀 엑스포스를 결성하고, 뭘 해도 운이 따르는 도미노가 엑스포스에 합류하는데...", "poster_path": "/kDiOsE2FqZC26ScZDGdkkmlhZGJ.jpg", "popularity": 338.51, "adult": false, "release_date": "2018-05-10", "is_latest": false, "is_popular": true, "genre_ids": [12, 28, 35], "likes_user": [], "store_user": []}}, {"model": "movies.movie", "pk": 159, "fields": {"title": "그리스", "overview": "1950년대말, 캘리포니아에 있는 한 고등학교. 대니 주코(Danny Zuko: 존 트라볼타 분)와 샌디 올슨(Sandy Olsen: 올리비아 뉴튼 존 분)은 여름 방학 때 해변에서 우연히 알게 된 사이로 바캉스 시즌이 끝나자 두 사람은 기약없이 작별하지만 대니가 다니는 고등학교에 샌디가 전학해 오면서 뜻밖의 재회가 이루어진다. 내심 기뻤던 대니지만 학교의 서클인 티버즈의 리더인 그가 어느 특정한 여자에게 가까이 하면 친구들의 빈촉을 살까봐 이러지도 저러지도 못한다.  이런 대니의 마음을 모른는 샌디는 오해를 해 스포츠에 만능인 톰과 친하게 지낸다. 이에 쇼크를 받은 대니는 샌디에게 용서를 빌어 가까스로 샌디의 마음을 되돌려 놓는다. 바야흐로 학교의 최대 행사인 댄스 파티가 열리자 대니와 샌디는 한조가 되어 출전, 결승전까지 진출하지만 티버즈의 라이벌인 스코피언스의 리더인 차차의 방해로 우승을 놓친다. 화가 난 샌디에게 야외 극장에서 대니는 자기의 반지를 빼주며 샌디의 마음을 바꾸지만 샌디의 몸을 강요한게 그녀를 더 토라지게 만들고 말았다.  드디어 티버즈와 숙적인 스콜피온스 간에 카레이스로 결판을 내는 날이다. '선더로드 경주'라는 이름의 이 시합에서 차차는 비겁한 수단으로 골탕을 먹이지만 이를 잘 피해 대니가 이기는데 이를 가슴조이며 지켜보던 샌디는 대니의 품에 안긴다. 이윽고 고등학교 졸업식이 왔다. 졸업 파티가 성대하게 벌어지고 정장을 하고 머리에다 그리이스를 발라 의젓해진 대니와 샌디는 빨간 승용차를 타고 다정하게 교문을 나선다. 축하무드가 절정을 이루며 뒤를 따르는 동창생들.", "poster_path": "/czVhhAaSBFpakur7U8pOIDV9NUG.jpg", "popularity": 302.438, "adult": false, "release_date": "1978-07-07", "is_latest": false, "is_popular": true, "genre_ids": [35, 10749], "likes_user": [], "store_user": []}}, {"model": "movies.movie", "pk": 160, "fields": {"title": "고스트버스터즈", "overview": "초심리를 연구하는 뉴욕의 괴짜교수 피터 밴크맨(빌 머레이)와 레이몬드 스탠드(댄 애크로이드), 에곤 스펜글러(해롤드 래미스)는 루이스(릭 모라니스)를 비서로 고용한다. 이는 뉴욕에 출몰하는 유령들을 잡기 위해서다. 루이스를 포함한 이들 네 명은 유령을 잡는 회사를 설립해 각색의 유령들을 잡아들이기 시작한다. 이들은 처음에는 주위의 멸시를 받았으나 어느 날 강한 악령의 힘이 살아나기 시작하면서 활동의 힘을 얻는다.  이들 '고스트 버스터즈'는 마침내, 뉴욕의 다나의 집에 출현해 거대한 빌딩 옥상에 버티고 있는 유령들의 총두목격인 '카쟈'를 만나게 되는데...", "poster_path": "/kOYLNeEdVgfkwy7jYwJhkV1GBru.jpg", "popularity": 318.785, "adult": false, "release_date": "1984-06-08", "is_latest": false, "is_popular": true, "genre_ids": [14, 35], "likes_user": [], "store_user": []}}, {"model": "movies.movie", "pk": 161, "fields": {"title": "미션 투 베를린", "overview": "제2차 세계대전, 영국 공군 사진정찰부대 대위인 에드워드는 독일군의 함정에 빠져 공격을 강행하려는 미군을 구하고자 증거 수집 임무를 부여받는다. 서베를린 항공에서 독일군의 정보 사진을 찍고 돌아오는 임무 도중 과거 됭케르크 엄호 작전에서 있었던 일이 떠오른다. 자신의 목숨을 구해준 대장과 함께한 동료를 기억을 안고 임무를 수행하는 그에게 수천 명이 넘는 목숨이 달렸다. 전쟁 실화를 바탕으로 한 이야기", "poster_path": "/wEAnOw8aYWORXEKWzFZ4ndawrW7.jpg", "popularity": 347.424, "adult": false, "release_date": "2022-05-13", "is_latest": false, "is_popular": true, "genre_ids": [28, 136, 10752], "likes_user": [], "store_user": []}}, {"model": "movies.movie", "pk": 162, "fields": {"title": "578 매그넘", "overview": "가난한 트럭기사 홍은 소중한 딸과 함께 행복하게 살아간다. 어느 날 딸이 낯선 남자들에게 납치되고, 홍은 딸을 찾기 위해 동분서주하지만 딸은 결국 싸늘한 주검으로 발견된다. 분노한 홍은 자신의 숨겨 왔던 과거의 모습으로 돌아가는데…", "poster_path": "/3EuGrvxWaW8DTzmt3Qcx1QA8J9D.jpg", "popularity": 364.837, "adult": false, "release_date": "2022-05-20", "is_latest": false, "is_popular": true, "genre_ids": [28, 53], "likes_user": [], "store_user": []}}, {"model": "movies.movie", "pk": 163, "fields": {"title": "미이라", "overview": "사막 한 가운데, 고대 이집트 미이라의 무덤을 발견한 닉은 미이라의 관을 수송하던 중 의문의 비행기 추락사고로 사망한다. 그러나 죽음에서 다시 깨어난 닉! 그는 자신이 발견한 미이라 무덤이 강력한 힘을 갈구한 잘못된 욕망으로 인해 산 채로 봉인 당해야했던 아마네트 공주의 것이며, 자신이 부활하게 된 비밀이 이로부터 시작됨을 감지한다. 한편, 수천 년 만에 잠에서 깨어난 아마네트는 분노와 파괴의 강력한 힘으로 전 세상을 자신의 것으로 만들려 하고, 지킬 박사는 닉에게 의미심장한 이야기를 전하게 되는데...", "poster_path": "/9mXyFgO5D53RsiG605W6deeBheS.jpg", "popularity": 253.36, "adult": false, "release_date": "2017-06-06", "is_latest": false, "is_popular": true, "genre_ids": [12, 14, 27, 28, 53], "likes_user": [], "store_user": []}}, {"model": "movies.movie", "pk": 164, "fields": {"title": "얼라이드", "overview": "1942년 모로코 카사블랑카, 영국의 정보국 장교 맥스 바탄(브래드 피트)과 프랑스 비밀요원 마리안 부세주르(마리옹 꼬띠아르)는 독일 대사를 암살해야 하는 임무를 맡게 된다. 작전을 수행하던 맥스는 치명적인 매력의 마리안과 운명적인 사랑에 빠지게 되고, 임무를 마친 두 사람은 런던으로 돌아와 결혼해 딸과 함께 행복한 나날을 보낸다. 하지만 어느날 맥스는 상부로부터 아내에 관한 충격적인 말을 듣게 된다. 마리안이 스파이라는 정황이 포착됐다는 이야기를 듣게 된 맥스는 72시간 내에 아내의 무고함을 밝히지 못하면 자신의 손으로 아내를 죽여야 하는 상황에 처하게 된다.", "poster_path": "/x66hFYozw7I39IN9fF9KgKo14hw.jpg", "popularity": 292.039, "adult": false, "release_date": "2016-11-17", "is_latest": false, "is_popular": true, "genre_ids": [18, 28, 53, 10749, 10752], "likes_user": [], "store_user": []}}, {"model": "movies.movie", "pk": 165, "fields": {"title": "저스티스 리그", "overview": "인류의 수호자인 슈퍼맨이 사라진 틈을 노리고 ‘마더박스’를 차지하기 위해 빌런 스테픈울프가 악마군단을 이끌고 지구에 온다. 마더박스는 시간과 공간, 에너지, 중력을 통제하는 범우주적인 능력으로 행성의 파괴마저도 초래하는 물체로 이 강력한 힘을 통제하기 위해 고대부터 총 3개로 분리되어 보관되고 있던 것. 인류에 대한 믿음을 되찾고 슈퍼맨의 희생 정신에 마음이 움직인 브루스 웨인은 새로운 동료인 다이애나 프린스에게 도움을 청해 이 거대한 적에 맞서기로 한다. 배트맨과 원더 우먼은 새로이 등장한 위협에 맞서기 위해 아쿠아맨, 사이보그, 플래시를 찾아 신속히 팀을 꾸린다. 이들 슈퍼히어로 완전체는 스테픈울프로부터 마더박스를 지키기 위해 지구의 운명을 건 전투를 벌인다!", "poster_path": "/2a2t5EJmn3IaH1JBMRNKZOM4G27.jpg", "popularity": 318.507, "adult": false, "release_date": "2017-11-15", "is_latest": false, "is_popular": true, "genre_ids": [12, 28, 878], "likes_user": [], "store_user": []}}, {"model": "movies.movie", "pk": 166, "fields": {"title": "스피시즈", "overview": "어느날 호주 푸에르토리코의 아레시보에 위치한 거대한 전파기지에 외계로부터 발신된 메시지가 도착한다. 메시지는 두가지인데, 첫번째는 오염물질을 배출하지 않으면서 메탄을 대체 에너지로 변화시킬 수 있는 획기적인 방법에 대한 정보였고, 두 번째는 외계 생물의 DNA를 합성할 수 있는 공식이었다. 메시지가 우호적이라 판단된 미국 정부는 DNA합성에 관한 메시지를 가지고 비밀리에 실험에 착수한다. 그 결과 반인간 반외계인인 아기가 탄생하고, 실(Sil)이란 코드네임을 부여받는다.  그러나 뭔가 씰 자신이 능력을 보이지 않고 있는 낌새에다가 비정상적으로 급속한 세포 증식의 속도 등 위험 요소가 다분하다고 느낀 실험진에서는 씰(Young \"Sil\": 미쉘 윌리암스 분)을 완전히 제거하려 한다. 그러나 예상과 달리 소녀는 가스에 의해 죽기는 커녕 힘이 엄청나게 세져서 방탄 벽을 뚫고 달아나게 된다. 그에 따라 씰을 추적하기 위해 연방의 특수추적 전문가 프레스 팰리(Preston Lennox: 마이클 매드슨 분)와 심령술사, 분자생물학자 등으로 이루어진 팀을 구성, 실을 제거하기 위한 추적에 나선다.  성숙한 여인(\"Sil\": 나타샤 헨스트리지 분)이 된 씰은 어느날 그녀 앞에 나타난 임신한 여자를 보고 자신도 임신하기를 원한다. 특수요원들이 자신을 추적하고 있음을 감지하면서도 씰은 남자를 찾아 다니며 마음에 안드는 사람은 모두 잔인하게 살해한다. 마침내 추적팀의 한 대원과 관계를 맺은 씰은 지하로 숨어들어 부화를 하게 되고 추적팀은 그들을 막기 위해 하수구로 들어가게 된다. 씰은 결국 기름 구덩이에 빠져 죽게 되지만 씰의 몸에서 떨어져나간 신체 일부가 추적팀이 사리진 뒤 쥐와 합성되어 새로운 쥐가 나타나게 된다.", "poster_path": "/4BfuDo5utvFmGjusy5oLeFp5txg.jpg", "popularity": 298.414, "adult": false, "release_date": "1995-07-07", "is_latest": false, "is_popular": true, "genre_ids": [27, 28, 878], "likes_user": [], "store_user": []}}, {"model": "movies.movie", "pk": 167, "fields": {"title": "세븐", "overview": "은퇴를 7일 앞둔 관록의 형사 윌리엄 소머셋(모건 프리먼)과 새로 전근 온 신참내기 형사 밀스(브래드 피트)가 팀이 된 바로 다음날, 강압에 의해 위가 찢어질 때까지 먹다가 죽은 초고도 비만 남자와 역시 강압에 의해 식칼로 자기 살을 베어내 죽은 악덕 변호사의 사건과 마주한다. 식탐, 탐욕, 그리고 나태, 분노, 교만, 욕정, 시기. 소머셋은 현장에 남은 흔적들로 단테의 신곡과 쵸서의 캔터베리 서사시를 근거로 한 기나긴 연쇄 살인이 시작되었음을 직감하고 성서의 7가지 죄악을 따라 발생하는 사건들을 추적하기 시작하는데...", "poster_path": "/izzk8dbmrLowcoGbFaebqJvzyXg.jpg", "popularity": 305.593, "adult": false, "release_date": "1995-09-22", "is_latest": false, "is_popular": true, "genre_ids": [53, 80, 9648], "likes_user": [], "store_user": []}}, {"model": "movies.movie", "pk": 168, "fields": {"title": "블레이드", "overview": "출산을 바로 앞둔 산모가 응급실에 실려온다. 이미 위독한 상황에 있는 산모에게서 뱃속의 아이라도 살리기 위해 응급수술이 시작된다. 그러나 누구도 산모가 뱀파이어에게 물렸다는 사실을 모른다.  산모의 몸 속에 스며든 뱀파이어의 피는 아기의 혈관 속으로 스며들어 아이의 운명을 바꾼다. 반은 인간, 반은 뱀파이어로 태어난 블레이드(웨슬리 스나입스)는 자신의 어머니를 죽게 한 뱀파이어에 대해 복수를 다짐한다.  한편 뱀파이어들은 인간세계에 은밀히 섞여서 살고 있다. 지역지구장을 맡고 있는 뱀파이어 프로스트(스티븐 도프)는 자신의 세력 확장을 위해 무자비한 방식으로 인간을 공격한다. 그런데 프로스트가 가장 무서워하는 존재는 인간과 뱀파이어의 우성 유전자만을 이어받은 블레이드인데...", "poster_path": "/rD74tCs0fEX618Urk43H1YGinAH.jpg", "popularity": 294.927, "adult": false, "release_date": "1998-08-21", "is_latest": false, "is_popular": true, "genre_ids": [27, 28], "likes_user": [], "store_user": []}}, {"model": "movies.movie", "pk": 169, "fields": {"title": "어비스", "overview": "156명의 선원을 태운 미핵잠수함 USS 몬타나가 정체불명의 물체에 의해 바다 깊숙이 침몰되는 사고가 발생하자 미해군은 침몰된 핵잠수함의 생존자 수색을 명목으로 민간석유시추선 딥코어와 연합 수색전을 펼치게 된다. 딥코어의 책임자인 버드 브리그먼(Virgil \"Bud\" Brigman: 에드 해리스 분)은 강인한 성격과 탁월한 리더쉽으로 딥코어 선원들의 전폭적인 신의를 받고 있는 인물이다. 버드 브리그먼과 그의 선원들은 커피 중위(Lt.Hiram Coffey: 마이클 빈 분)가 이끄는 해군측 특수부대와 함께 바다 속으로 수색작전을 편다.  한편 해군에 파견되어 온 해양 장비 전문가인 린지(Lindsey Brigman: 매리 스튜어트 매스트란토니아 분)는 버드와 결혼한 사이지만 고집 센 그녀의 강한 성격 때문에 관계가 원만치 못해 얼굴만 대하면 다투고, 커피 중위는 비밀지령 수행을 위한 지나친 독단적 행동으로 버드와 처음부터 갈등을 야기한다. 이들은 곧 잠수함을 찾아 생존자 수색을 하지만 예상대로 생존자는 없었다. 그런데 린지는 생명체가 살지 않는 심연에서 빛을 내며 지나가는 정체불명의 수중 생물을 발견한다. 동료 재머(Jammer Willis: 존 베드포드 로이드 분)가 고압병으로 지나친 산소를 흡입하여 쓰러지고, 설상가상으로 태풍이 불어서 사고가 발생하는데...", "poster_path": "/jel2BuDv7Bq4fuv2pUrTfiBm69o.jpg", "popularity": 282.725, "adult": false, "release_date": "1989-08-09", "is_latest": false, "is_popular": true, "genre_ids": [12, 28, 53, 878], "likes_user": [], "store_user": []}}, {"model": "movies.movie", "pk": 170, "fields": {"title": "나의 마더", "overview": "지구에서 멸종된 인류. 소녀에겐 자신을 키워준 로봇 ‘마더’가 전부였고, 마더 역시 ‘딸’인 소녀가 전부였다. 그들은 안전했다. 낯선 인간 여자가 나타나기 전까진.", "poster_path": "/5s9noJbnPeKPTcLOGpbH0Hc405H.jpg", "popularity": 279.616, "adult": false, "release_date": "2019-06-07", "is_latest": false, "is_popular": true, "genre_ids": [53, 878], "likes_user": [], "store_user": []}}, {"model": "movies.movie", "pk": 171, "fields": {"title": "멜랑콜리아", "overview": "카피라이터인 저스틴은 마이클과 결혼식을 올리지만 우울증으로 인한 이상 행동으로 결혼을 망치고 만다. 저스틴은 언니 클레어의 집에서 함께 살게 되고 클레어는 저스틴을 극진히 보살핀다. 한편 멜랑콜리아라는 이름의 거대한 행성이 지구를 향해 날아오고 클레어는 종말에 대한 두려움을 느끼지만 과학을 맹신하는 남편 존으로 인해 내색은 하지 못한다. 갈수록 이상 행동을 보이는 저스틴과 최악의 사태를 대비하는 클레어. 다행히 과학자들의 말대로 멜랑콜리아는 지구를 지나쳐 다시 멀어지는데...", "poster_path": "/hBAYXn9C0mFzlwyFBjmO1IX85Vb.jpg", "popularity": 286.52, "adult": false, "release_date": "2011-05-26", "is_latest": false, "is_popular": true, "genre_ids": [18, 878], "likes_user": [], "store_user": []}}, {"model": "movies.movie", "pk": 172, "fields": {"title": "인사이드 아웃 2", "overview": "13살이 된 라일리의 행복을 위해 매일 바쁘게 머릿속 감정 컨트롤 본부를 운영하는 ‘기쁨’, ‘슬픔’, ‘버럭’, ‘까칠’, ‘소심’. 그러던 어느 날, 낯선 감정인 ‘불안’, ‘당황’, ‘따분’, ‘부럽’이가 본부에 등장하고, 언제나 최악의 상황을 대비하며 제멋대로인 ‘불안’이와 기존 감정들은 계속 충돌한다. 결국 새로운 감정들에 의해 본부에서 쫓겨나게 된 기존 감정들은 다시 본부로 돌아가기 위해 위험천만한 모험을 시작하는데…", "poster_path": "/pmemGuhr450DK8GiTT44mgwWCP7.jpg", "popularity": 342.376, "adult": false, "release_date": "2024-06-06", "is_latest": false, "is_popular": true, "genre_ids": [12, 14, 16, 18, 10751], "likes_user": [], "store_user": []}}, {"model": "movies.movie", "pk": 173, "fields": {"title": "웡카", "overview": "마법사이자 초콜릿 메이커 ‘윌리 웡카’의 꿈은 디저트의 성지, ‘달콤 백화점’에 자신만의 초콜릿 가게를 여는 것. 가진 것이라고는 낡은 모자 가득한 꿈과 단돈 12소베른 뿐이지만 특별한 마법의 초콜릿으로 사람들을 사로잡을 자신이 있다. 하지만 먹을 것도, 잠잘 곳도, 의지할 사람도 없는 상황 속에서 낡은 여인숙에 머물게 된 ‘웡카’는 ‘스크러빗 부인’과 ‘블리처’의 계략에 빠져 눈더미처럼 불어난 숙박비로 인해 순식간에 빚더미에 오른다. 게다가 밤마다 초콜릿을 훔쳐가는 작은 도둑 ‘움파 룸파’의 등장과 ‘달콤 백화점’을 독점한 초콜릿 카르텔의 강력한 견제까지. 세계 최고의 초콜릿 메이커가 되는 길은 험난하기만 한데…", "poster_path": "/lQ4cwauq2jeTkka9RvdMBTVPLMH.jpg", "popularity": 339.817, "adult": false, "release_date": "2023-12-06", "is_latest": false, "is_popular": true, "genre_ids": [14, 35, 10751], "likes_user": [], "store_user": []}}, {"model": "movies.movie", "pk": 174, "fields": {"title": "아메리칸", "overview": "무기를 직접 제작해 타겟을 제거하는 노련한 암살요원 잭은 스웨덴에서 임무를 마치고 사진작가로 신분을 위장한 채 이탈리아로 향한다. 중세 분위기를 고스란히 간직한 이탈리아의 작은 마을에서 잭은 자신을 ‘아메리칸’이라 부르는 신부 베네데토를 만나게 된다. 모든 임무를 단독 처리하는 원칙을 철저히 지키며 홀로 지내왔던 잭은 어느 순간, 베네데토 신부와 우정을 쌓게 되고, 클라라라는 여인도 만나면서 임무에 대한 부담과 언제 들이닥칠지 모를 죽음에 대한 두려움에서 조금씩 자유로워진다.  평온한 일상도 잠시, 그 곳에서 미모의 암살요원 마틸드에게 새로운 무기를 제작해주라는 임무를 맡고, 초소형 권총 제작을 시작한 잭.  하지만, 언제부터인지 누군가 감시 중인 시선을 느끼면서, 자신이 타겟이 되었음을 직감한 그는 점점 더 거대한 위협 속에 빠져드는데.…", "poster_path": "/tcZ6K3QLT7ZPzHZS6OQMUps3Re.jpg", "popularity": 275.792, "adult": false, "release_date": "2010-08-31", "is_latest": false, "is_popular": true, "genre_ids": [18, 53, 80], "likes_user": [], "store_user": []}}, {"model": "movies.movie", "pk": 175, "fields": {"title": "서버비콘", "overview": "미국에서 가장 살기 좋은 마을로 꼽히는 서버비콘에서 남부러울 것 없는 삶을 살고 있는 가드너(맷 데이먼)는 아내 로즈(줄리안 무어)를 죽이고 쌍둥이 처제 마가렛과 새로운 삶을 계획한다. 완벽한 계획을 위해 마피아에게 청부살인을 의뢰한 가드너. 아내는 살해 당하지만 의외의 목격자로 인해 계획이 흐트러지기 시작한다. 집요하게 사건을 캐묻고 집으로 찾아오는 보험조사관 버드(오스카 아이작)와 마피아, 처제, 아들 니키(노아 주프)까지 가드너를 궁지로 몰아간다. 가드너는 예상치 못한 방향으로 흘러가는 사건을 수습하기 위해 노력하지만 사건은 걷잡을 수 없이 커져가는데...", "poster_path": "/kKQin72zYQzbXWkzz0eRJ2N017h.jpg", "popularity": 276.32, "adult": false, "release_date": "2017-10-26", "is_latest": false, "is_popular": true, "genre_ids": [18, 53, 80, 9648], "likes_user": [], "store_user": []}}, {"model": "movies.movie", "pk": 176, "fields": {"title": "채피", "overview": "2016년, 매일 300건의 범죄가 폭주하는 요하네스버그. 도시의 치안을 책임지는 세계 최초의 로봇 경찰 ‘스카우트’ 군단을 설계한 로봇 개발자 ‘디온(데브 파텔)’은 폐기된 스카우트 22호에 고도의 인공지능을 탑재하여 스스로 생각하고 느낄 수 있는 성장하는 로봇 ‘채피’를 탄생시킨다.  한편, 진화하는 로봇에 맞서 인간의 힘으로 로봇을 통제하고 싶은 무기 개발자 ‘빈센트 (휴 잭맨)’는 눈엣가시 ‘채피’를 제거하기 위한 음모를 꾸미게 되고, 예상을 뛰어넘는 속도로 성장하던 ‘채피’는 어느새 인류를 위협하는 대상으로 몰리게 되는데… 생존을 꿈꾸는 로봇 ‘채피’와 로봇을 통제하려는 ‘인간’의 대결이 시작된다!", "poster_path": "/hcGym66raZDzDIGjdkVDoQZvLks.jpg", "popularity": 300.275, "adult": false, "release_date": "2015-03-04", "is_latest": false, "is_popular": true, "genre_ids": [28, 80, 878], "likes_user": [], "store_user": []}}, {"model": "movies.movie", "pk": 177, "fields": {"title": "브라이트", "overview": "배경부터 성격까지 모든 것이 정반대인 두 명의 경찰, 인간 워드(윌 스미스)와 오크 자코비(조엘 에저튼)가 순찰 중 우연히 정체 모를 어둠의 세계를 발견하고 미래가 뒤바뀌는 평행세계를 경험하게 된다.  사사건건 부딪치는 이들은 이제 파트너가 되어 세상을 위험에 빠뜨릴 수 있는 신비의 매직완드(Magic Wand)를 지켜야만 한다.", "poster_path": "/ciCDqE6nZhNYtnydCPxFUl7y8mP.jpg", "popularity": 277.359, "adult": false, "release_date": "2017-12-22", "is_latest": false, "is_popular": true, "genre_ids": [14, 28, 53], "likes_user": [], "store_user": []}}, {"model": "movies.movie", "pk": 178, "fields": {"title": "노바디", "overview": "비범한 과거를 숨긴 채 남들과 다를 바 없는 평범한 일상을 사는 한 가정의 가장 ‘허치’ 매일 출근을 하고, 분리수거를 하고 일과 가정 모두 나름 최선을 다하지만 아들한테는 무시당하고 아내와의 관계도 소원하다. 그러던 어느 날, 집안에 강도가 들고 허치는 한 번의 반항도 하지 못하고 당한다. 더 큰 위험으로부터 가족을 지키기 위한 선택이었는데 모두 무능력하다고 ‘허치’를 비난하고, 결국 그동안 참고 억눌렀던 분노가 폭발하고 만다.", "poster_path": "/oXQtH8O7pCvXaDKGB8OAjiPVDi5.jpg", "popularity": 296.79, "adult": false, "release_date": "2021-03-18", "is_latest": false, "is_popular": true, "genre_ids": [28, 53], "likes_user": [], "store_user": []}}, {"model": "movies.movie", "pk": 179, "fields": {"title": "다운사이징", "overview": "평생을 같은 집에 살면서 10년째 같은 식당에서 저녁을 때우며 평범한 삶을 살아가는 폴. 아내의 유일한 소원인 더 넓은 집을 갖는 것도 대출 조건이 되지 않아 포기할 수 밖에 없다. 한편, 인구과잉에 대한 해결책으로 인간축소프로젝트인 다운사이징 기술이 개발된다. 이 기술은 단순히 부피를 0.0364%로 축소시키고 무게도 2744분의 1로 줄이는 것이 아니라 1억원의 재산이 120억원의 가치가 되어 왕처럼 살 수 있는 기회의 시작이기도 하다. 화려한 삶을 그리며 폴과 아내는 다운사이징을 선택하지만, 시술을 마친 폴은 아내가 가족의 곁을 떠나기 싫어 다운사이징 된 자신을 두고 도망갔다는 청천벽력 같은 소식을 듣게 된다. 커다란 저택, 경제적인 여유, 꿈꾸던 럭셔리 라이프를 살아가지만 이혼 후 모든 것이 무의미해져 버린 폴. 그리고 모든 꿈이 실현되리라 믿은 다운사이징 세상에서도 또 다른 위기가 그를 기다리는데...", "poster_path": "/iC5XHOOcFIFuOSJ5DnZFmaxUeGd.jpg", "popularity": 284.892, "adult": false, "release_date": "2017-12-22", "is_latest": false, "is_popular": true, "genre_ids": [18, 878], "likes_user": [], "store_user": []}}, {"model": "movies.movie", "pk": 180, "fields": {"title": "스파이더맨: 홈커밍", "overview": "토니 스타크의 제안을 받고 시빌 워에 참여한 피터 파커는 다음 임무가 언제일지 설렘을 안고 하루하루를 보낸다. 토니는 MIT 진학 준비에 전념할 것을 권하지만 친절한 이웃에 머무는 것은 피터의 성에 차지 않는다. 한편 어벤져스 군단과 외계 세력의 전투로 생긴 산업폐기물을 처리하던 아드리안 툼즈는 그 일이 토니 스타크와 정부에 넘어가면서 하루아침에 빈털터리가 된다. 이에 앙심을 품은 아드리안은 외계 첨단무기를 훔쳐서 개조하는 빌런이 되고, 그의 존재를 알게 된 피터는 도움을 빌리지 않고 자기가 일을 해결해보려고 한다.", "poster_path": "/hjki9weYYVABvkpZbX5jBOmKXXv.jpg", "popularity": 314.887, "adult": false, "release_date": "2017-07-05", "is_latest": false, "is_popular": true, "genre_ids": [12, 18, 28, 878], "likes_user": [], "store_user": []}}, {"model": "movies.movie", "pk": 181, "fields": {"title": "공포의 보수", "overview": "수백 명의 목숨을 앗아갈 유정 폭발 참사를 막기 위해 소집된 최정예 운반팀. 니트로글리세린을 싣고 위험천만한 사막을 횡단해야 한다.", "poster_path": "/aLAU63QFNPiahj2k3bquc6vy6KP.jpg", "popularity": 306.041, "adult": false, "release_date": "2024-03-28", "is_latest": false, "is_popular": true, "genre_ids": [28, 53], "likes_user": [], "store_user": []}}, {"model": "movies.movie", "pk": 182, "fields": {"title": "홈즈 & 왓슨", "overview": "'셜록 홈즈'와 '왓슨' 콤비가 미해결 사건들을 파헤쳐가는 과정을 그린 코미디 영화", "poster_path": "/orEUlKndjV1rEcWqXbbjegjfv97.jpg", "popularity": 265.853, "adult": false, "release_date": "2018-12-25", "is_latest": false, "is_popular": true, "genre_ids": [12, 35, 80, 9648], "likes_user": [], "store_user": []}}, {"model": "movies.movie", "pk": 183, "fields": {"title": "할로윈", "overview": "1963년 할로윈, 6살의 마이클 마이어스는 누나와 누나의 남자 친구를 살해하고 정신 병원으로 보내진다. 15년 후인 1978년 10월 30일, 태풍을 틈타 주치의 루미스 박사의 차를 훔쳐 탈출한 마이크는 고향으로 돌아간다. 한편 학생이자 부동산 중개인의 딸인 로리는 아이들을 봐주고 있는데, 로리의 친구들이 하나씩 사라지기 시작한다.", "poster_path": "/wijlZ3HaYMvlDTPqJoTCWKFkCPU.jpg", "popularity": 286.293, "adult": false, "release_date": "1978-10-24", "is_latest": false, "is_popular": true, "genre_ids": [27, 53], "likes_user": [], "store_user": []}}, {"model": "movies.movie", "pk": 184, "fields": {"title": "파이터", "overview": "무모하지만 뛰어난 전투 비행대의 대장과 최고의 파일럿 대원들. 치명적인 위험, 내면의 고뇌와 맞서며, 목숨을 건 임무에서 하나가 된다.", "poster_path": "/zDZowwb9GZGEctAu2PCpjiPQAMM.jpg", "popularity": 314.852, "adult": false, "release_date": "2024-01-24", "is_latest": false, "is_popular": true, "genre_ids": [28, 53, 10752], "likes_user": [], "store_user": []}}, {"model": "movies.movie", "pk": 185, "fields": {"title": "더 넌", "overview": "루마니아의 젊은 수녀가 자살하는 사건을 의뢰 받아 바티칸에서 파견된 버크 신부와 아이린 수녀가 수녀원을 조사하면서 충격적인 악령의 실체와 만나게 되는 이야기를 그린다.", "poster_path": "/mN226GIDSMhWBpqPJopGlLk3qXn.jpg", "popularity": 288.621, "adult": false, "release_date": "2018-09-05", "is_latest": false, "is_popular": true, "genre_ids": [27], "likes_user": [], "store_user": []}}, {"model": "movies.movie", "pk": 186, "fields": {"title": "크리드 2", "overview": "록키 발보아의 영원한 라이벌이자 친구인 아폴로 크리드의 아들 아도니스 크리드. 헤비급 세계 챔피언이 된 아도니스는 비앙카와 결혼해 행복한 시간을 보낸다. 한편 크리드와 록키에게 복수하기 위해 이를 갈고 있는 이반 드라고와 빅터 드라고 부자가 있다. 이반은 아도니스의 아버지를 죽음에 이르게 한 러시아의 복싱 선수로, 록키에게 패한 뒤 모든 걸 잃었다. 빅터는 아도니스에게 도전장을 내밀고, 아도니스는 빅터와의 대결에서 큰 부상을 입는다.", "poster_path": "/qWifsewJ8HVPQ9lVGbs3SG2FAjE.jpg", "popularity": 285.34, "adult": false, "release_date": "2018-11-21", "is_latest": false, "is_popular": true, "genre_ids": [18, 28], "likes_user": [], "store_user": []}}, {"model": "movies.movie", "pk": 187, "fields": {"title": "스크루지", "overview": "돈밖에 모르는 수전노 스크루지는 크리스마스를 기뻐하며 축하하는 사람들이 못마땅하기만 하다. 가난한 사람들에게 비싼 이자를 받는 고리대금업으로 돈을 모으는 것이 인생의 유일한 낙인 그는 크리스마스라고 저녁초대를 하러 찾아온 조카를 매몰차게 보내고 집으로 돌아온다. 혼자 저녁을 먹던 스크루지는 동업자였던 말리의 유령을 만나게 되는데, 말리는 무거운 쇠사슬을 온 몸에 감고 그에게 계속 비열하게 살면 자신과 같은 운명이 될 거라고 경고하고 새벽에 세 명의 유령이 스크루지를 찾아올 거라고 말하고 떠난다. 잠시 후 새벽이 되자 스크루지에게 과거와 현재, 미래의 유령이 나타나고 그는 과거로 가서 순수했던 자신의 모습과 연인을 보고 후회하게 된다. 또 현재의 유령과는 비서인 크래칫과 조카의 집을 방문해 자신의 참모습을 보게 되고, 미래의 유령과 찾아간 미래에선 비참한 자신의 미래를 보고 깊은 반성을 한다. 새벽이 지나고 아침이 되자 스크루지는 무사히 자신의 방에서 깨어나 깊은 참회의 눈물을 흘리며 세상을 위해 사는 새로운 사람이 되겠다고 다짐한다. 기쁨에 찬 스크루지는 자신한테 빚진 사람들의 돈을 탕감해 주고 크래칫을 찾아가 주급을 올려준 후 병든 아들인 팀의 병을 고쳐주겠다고 약속한다.", "poster_path": "/eadjJGFdbZdhXSjtokmay7NjVHi.jpg", "popularity": 292.268, "adult": false, "release_date": "1970-11-05", "is_latest": false, "is_popular": true, "genre_ids": [14, 18, 10751], "likes_user": [], "store_user": []}}, {"model": "movies.movie", "pk": 188, "fields": {"title": "굿 윌 헌팅", "overview": "수학, 법학, 역사학 등 모든 분야에 재능이 있는 윌(맷 데이먼)은 천재적인 두뇌를 가지고 있지만 어린 시절 받은 상처로 인해 세상에 마음을 열지 못하고 절친인 처키(벤 애플렉)와어울려 다니는 불우한 반항아이다. 대학을 청소하면서 벽에서 우연히 접한 수학 문제를 간단히 풀어버린 일을 그 대학 교수 램보가 발견하고 윌에게 관심을 갖지만 윌은 냉대한다. 어느 날 보호관찰 대상인 윌은 폭행죄로 수감되고, 램보 교수는 자신이 감독하겠다는 조건으로 윌을 석방시킨 다음 대학 동기인 심리학 교수 숀(로빈 윌리엄스)에게 그를 부탁한다. 거칠기만 하던 윌은 숀과 함께 시간을 보낼수록 상처를 위로 받으며 조금씩 변화하기 시작하는데...", "poster_path": "/iHRY9YuBOyga9MHi59pt6KRGXcB.jpg", "popularity": 286.148, "adult": false, "release_date": "1997-12-05", "is_latest": false, "is_popular": true, "genre_ids": [18], "likes_user": [], "store_user": []}}, {"model": "movies.movie", "pk": 189, "fields": {"title": "혹성탈출", "overview": "서기 2029년, 우주정거장에서는 인류의 종의 기원을 밝히기 위한 연구가 진행 중이다. 인간들은 훈련 받은 침팬지를 이용해 비밀을 밝힐 소 우주선을 은하계로 내려보낸다. 하지만 우주선이 레이더에서 사라지는 사고가 발생하고, 공군 대위 레오 데이비슨(마크 월버그)이 긴급 출동하지만 계기판이 작동을 멈추고 이상한 힘에 이끌려 우주선은 이름 모를 행성의 늪지대에 추락한다.  레오가 도착한 행성은 원시의 모습을 가지고 있는 암울한 곳으로, 그곳에 살고 있는 인간들은 유인원에게 길들여져 멸시당하고 노예와 같은 비참한 생활을 하고 있는데…", "poster_path": "/gUYQbokoI2Pwng3JM9igtEmCcNo.jpg", "popularity": 266.627, "adult": false, "release_date": "2001-07-25", "is_latest": false, "is_popular": true, "genre_ids": [12, 28, 53, 878], "likes_user": [], "store_user": []}}, {"model": "movies.movie", "pk": 190, "fields": {"title": "제너럴", "overview": "증기기관차 ‘제너럴’과 여자친구 애너벨 리를 사랑하는 기관사 조니는 남북전쟁이 발발하자 남군에 입대하려 하지만 거절당한다. 이 때문에 애너벨은 그가 겁쟁이라고 생각하게 된다. 어느 날 북군이 애너벨이 타고 있는 제너럴을 훔쳐가자, 조니는 자신의 두 연인을 구해내고 용기를 입증하려 하는데...", "poster_path": "/nIp4gIXogCjfB1QABNsWwa9gSca.jpg", "popularity": 244.697, "adult": false, "release_date": "1926-12-25", "is_latest": false, "is_popular": true, "genre_ids": [12, 28, 35, 10752], "likes_user": [], "store_user": []}}, {"model": "movies.movie", "pk": 191, "fields": {"title": "이블 데드 2", "overview": "악마가 이 책을 썼다고 한다. 네클리 마나칸 엑스모터스, 대강 그 뜻을 설명하자면 일명 죽음의 책이다. 이 책은 악마의 세계로 통하는 일종의 관문이며, 이주 오래 전에 쓰여졌다. 바다가 피로 물들었을 때였다. 그 피로 이 책을 썼다고 한다. 그리고 1300년에 이 책이 사라졌다.", "poster_path": "/4zqCKJVHUolGs6C5AZwAZqLWixW.jpg", "popularity": 277.341, "adult": false, "release_date": "1987-03-13", "is_latest": false, "is_popular": true, "genre_ids": [14, 27, 35], "likes_user": [], "store_user": []}}, {"model": "movies.movie", "pk": 192, "fields": {"title": "그것: 두 번째 이야기", "overview": "27년마다 아이들이 사라지는 마을 데리, 또 다시 ‘그것’이 나타났다. 27년 전, 가장 무서워하는 것의 모습으로 나타나 아이들을 잡아먹는 그것 페니와이즈에 맞섰던 ‘루저 클럽’ 친구들은 어른이 되어도 더 커져만 가는 그것의 공포를 끝내기 위해 피할 수 없는 마지막 대결에 나선다.", "poster_path": "/kkkS7NYPY4QZcZY6vfkAx0vjJRa.jpg", "popularity": 284.35, "adult": false, "release_date": "2019-09-04", "is_latest": false, "is_popular": true, "genre_ids": [27], "likes_user": [], "store_user": []}}, {"model": "movies.movie", "pk": 193, "fields": {"title": "콰이어트 플레이스", "overview": "인류 종말의 초기 단계로 보이는 가까운 미래, 이미 폐쇄된 뉴욕 주에서 간신히 살아남은 부부와 세 자녀가 맨발로 숨죽인 채 시골 마을의 식료품점을 헤맨다. 작은 소리에도 민감하게 반응해 소리의 근원지를 파괴하러 달려오는 괴 생명체가 곳곳에 도사리고 있기 때문. 전 세계를 파괴해 버린 무차별적인 공격과 숨통을 조여 오는 거대한 위협 속에서 살아남기 위해 주인공 가족은 일상에서 발생하는 모든 소리를 최소화하며 위태롭게 살아간다. 숨소리조차 마음 편히 낼 수 없는 극한의 상황, 아버지 리(존 크래신스키)와 어머니 에블린(에밀리 블런트)은 아이들과 자신들의 생명을 지키기 위해 고군분투하는데...", "poster_path": "/vdiR7qc7cWxXD0pT8BZJ35DDB0B.jpg", "popularity": 285.009, "adult": false, "release_date": "2018-04-03", "is_latest": false, "is_popular": true, "genre_ids": [18, 27, 878], "likes_user": [], "store_user": []}}, {"model": "movies.movie", "pk": 194, "fields": {"title": "디트로이트", "overview": "흑인과 백인 사이의 인종간 대립이 심화되던 1967년 디트로이트의 7월 더운 여름날 밤. 백인 경찰이 무허가 술집을 단속하면서 손님을 모조리 체포하는 일이 일어난다. 항의시위가 일어나고, 시위는 대규모 폭동으로 번진다. 디트로이트는 멈출 줄 모르는 시민들의 폭동과 약탈 범죄, 그리고 경찰의 무자비한 진압 속에서 이틀째 혼란을 겪고 있다. 1992년 LA 폭동 전까지 사상 최대, 최악의 폭동 사태 가운데 하나로 꼽히는 사건인 디트로이트 폭동을 다룬 이 영화는 폭동이 일어나던 때 도시 근처 알제 모텔에서 있었던 비극적 사건을 그린다.", "poster_path": "/5ViBQDi9wIMOEppTzgDbYFtCaBO.jpg", "popularity": 268.037, "adult": false, "release_date": "2017-07-28", "is_latest": false, "is_popular": true, "genre_ids": [18, 53, 80, 136], "likes_user": [], "store_user": []}}, {"model": "movies.movie", "pk": 195, "fields": {"title": "겟 아웃", "overview": "크리스와 그의 여자친구 로즈는 주말을 맞아 로즈의 부모님 집을 방문한다. 가족들의 과한 친절이 그저 딸이 흑인 남자친구를 데려왔기 때문이라고 생각한 크리스. 하지만 머무는 시간이 길어질수록 이상한 점을 한 두가지씩 발견하는데... 그가 상상도 못한 진실이 기다리고 있었다.", "poster_path": "/paPvmoLgUUQojsSdAZmf7dwkKGT.jpg", "popularity": 268.051, "adult": false, "release_date": "2017-02-24", "is_latest": false, "is_popular": true, "genre_ids": [27, 53, 9648], "likes_user": [], "store_user": []}}, {"model": "movies.movie", "pk": 196, "fields": {"title": "블루스 브라더스", "overview": "시카고 부근의 한 천주교 고아원에서 자란 형제 제이크(Joliet Jake: 존 벨루시 분)와 엘우드(Elwood: 댄 애크로이드 분)는 검은 양복, 검은 모자, 검은 안경이 트레이드마크인 괴짜들이다. 본업은 리듬앤블루스 밴드 리더였던듯 한데, 오늘은 저간의 곡절로 옥살이를 한 형제 제이크가 모범수로 가석방되는 날이다. 경찰서 폐기처분장비 공매장에서 헐값에 산 중고 경찰차를 몰고 마중 나온 동생 엘우드는 출감한 제이크를 태우고 어렸을때 생활하던 고아원으로 간다.  5천달러의 세금을 며칠 안에 납부하지 않으면 고아원이 교육청에 팔리게 된다는 말을 원장 수녀로부터 들은 블루스 형제는 밴드를 다시 조직하여 큰 공연을 함으로서 5천달러를 마련하겠다는 계획을 세운다. 제이크가 감옥에 들어갈때 각자 살 길을 찾아나서서 지금은 나름대로 자리를 잡고 사는 옛 밴드 멤버들을 우역곡절 끝에 재규합하는데 성공한 블루스 형제는, 오라는 곳 없는 불청객으로 길을 가다 어느 컨트리 앤웨스턴 주점에 들어가 무조건 노래를 부른다.  주점 주인이 연주료 200달러를 주며 밴드가 마신 맥주값 300달러를 청구하자 돈이 없는 블루스 형제는 잽싸게 차에 올라 도주하여 극장 예약업자 모리(Maury Sline: 스티븐 로렌스 분)를 찾아간다. 모리의 약점을 이용하여 5천석 규모의 대극장 공연을 따낸 블루스 형제는 옛 고아원 교사 커티스(Curtis: 캡 콜로웨이 분)와 고아원 아이들의 도움을 받아 하루만에 대규모 선전을 성공리에 마친다. 극장에 구름같이 모여든 청중들은 블루스브라더스 밴드의 노래에 열광한다. 레코드사 사장이 취입 제안을 하면서 선약금 만달러를 내놓기까지 한다.", "poster_path": "/k0VILerMjvphZjbeuu3exf9kD8n.jpg", "popularity": 263.281, "adult": false, "release_date": "1980-06-16", "is_latest": false, "is_popular": true, "genre_ids": [28, 35, 80, 10402], "likes_user": [], "store_user": []}}, {"model": "movies.movie", "pk": 197, "fields": {"title": "어벤져스: 인피니티 워", "overview": "타노스는 6개의 인피니티 스톤을 획득해 신으로 군림하려 한다. 그것은 곧 인류의 절반을 학살해 우주의 균형을 맞추겠다는 뜻. 타노스는 닥터 스트레인지가 소유한 타임 스톤, 비전의 이마에 박혀 있는 마인드 스톤을 차지하기 위해 지구를 침략한다. 아이언맨과 스파이더맨은 가디언즈 오브 갤럭시의 멤버들과 타노스를 상대한다. 지구에선 캡틴 아메리카, 완다, 블랙 위도우, 블랙 팬서 등이 비전을 지키기 위해 뭉친다.", "poster_path": "/kmP6viwzcEkZeoi1LaVcQemcvZh.jpg", "popularity": 280.214, "adult": false, "release_date": "2018-04-25", "is_latest": false, "is_popular": true, "genre_ids": [12, 28, 878], "likes_user": [], "store_user": []}}, {"model": "movies.movie", "pk": 198, "fields": {"title": "스크림 2", "overview": "2년전, 우즈보로를 피로 물들였던 사건을 다룬 게일의 책이 베스트셀러에 진입하면서 시드니 엄마의 살인범으로 기소된 카튼이 석방된다. 게다가 게일의 책이 영화로 만들어져, 첫 시사회를 갖던 중 두명의 대학생이 무참히 살해된다. 또다시 찾아온 공포, 비명소리는 극장에서 다시 시작된다. 끔찍한 악몽을 딛고 이제 대학생으로 평범한 삶을 찾아가던 시드니에게 또다시 전화벨이 울린다. 그녀의 곁에는 공포영화광 랜디, 다정한 남자친구 데릭, 더 큰 특종을 노리며 다가온 리포터 게일, 절룩거리며 끝없이 주위를 배회하는 듀이, 엄마의 살인범으로 기소됐다 풀려난 카튼, 그리고 호기심으로 몰려든 수많은 사람들이 있다. 그러나 시드니를 도우려는 사람들이 많아질수록 비명소리는 커져만 간다. 그들 모두는 희생자일수도 있고, 동시에 용의자일수도 있다. 자신외에는 아무도 믿을 수 없는 시드니, 과연 이 살인극을 벌이는 진범은 누구이며 도대체 무슨 이유로?", "poster_path": "/XoIlgmMwbTC4SnmcxJhf8JNFgs.jpg", "popularity": 270.766, "adult": false, "release_date": "1997-12-12", "is_latest": false, "is_popular": true, "genre_ids": [27, 9648], "likes_user": [], "store_user": []}}, {"model": "movies.movie", "pk": 199, "fields": {"title": "록키 5", "overview": "모스크바에서 소련 선수 드라고를 이기고 돌아온 록키는 몸에 이상이 생긴 것을 알게되고 곧 은퇴하려고 한다. 그런데 자신이 집을 비운 사이 회계사가 자신의 전재산을 가로챘음을 알아챈다. 할 수 없이 교활한 권투 흥행주 듀크가 주선한 캐인과의 시합을 치르려고 하는 록키. 그러나 의사로부터 뇌에 이상이 생긴 것으로 진단을 받고 출전 자격을 박탈당한다. 무일푼 신세로 슬럼 가의 옛집으로 돌아와 허름한 권투 도장에서 트레이너 일을 하는 록키에게 듀크가 출전자격증을 꾸며 주겠다며 유혹하지만 아내 애드리안이 급구 만류한다.", "poster_path": "/o1nY37L6HC9hwlLSH5sHVzvXt1P.jpg", "popularity": 261.723, "adult": false, "release_date": "1990-11-16", "is_latest": false, "is_popular": true, "genre_ids": [18], "likes_user": [], "store_user": []}}, {"model": "movies.movie", "pk": 200, "fields": {"title": "더 록", "overview": "미 해병 여단장 프란시스 하멜 장군(에드 해리스)은 미국 정부를 상대로 극비 군사 작전을 수행하다 전사한 장병의 가족에게 보상을 해줄 것을 호소한다. 그러나 미국 정부는 이것을 무시했고, 하멜 장군은 정의의 회복이라는 명분 하에 알카트라즈 섬을 장악하고 이 섬을 찾아온 관광객 81명을 잡고 몸값을 요구한다. 정부가 이를 들어주지 않을 경우 살상용 화학가스가 장착된 미사일을 샌프란시스코에 발사하겠다고 협박한다. 이 사건을 해결하기 위해서 생화학 무기 전문가인 스탠리 굿스피드 박사(니콜라스 케이지)와 알카트라즈에서 유일한 탈옥자인 존 메이슨(숀 코넬리)이 발탁되는데...", "poster_path": "/o9dnRLsS0EHqnTjGtndWfrQzeMh.jpg", "popularity": 247.173, "adult": false, "release_date": "1996-06-07", "is_latest": false, "is_popular": true, "genre_ids": [12, 28, 53], "likes_user": [], "store_user": []}}, {"model": "movies.movie", "pk": 201, "fields": {"title": "맨하탄", "overview": "맨하탄에 사는 이혼남 아이삭은 자신의 직업에 회의를 느끼는 TV 쇼 작가다. 아이삭은 17세 소녀와 내키지 않는 불편한 데이트를 하고, 그의 유부남 친구 예일은 메리와 바람을 핀다. 아이삭은 예일에게 메리와의 관계를 정리하라고 충고를 하는데, 메리를 만난 아이삭은 오히려 사랑을 느끼게 된다.\r 재즈음악가이기도 한 우디 앨런이 자신이 좋아하는 조지 거쉰의 음악과 자신이 아끼고 좋아하는 배우들과 함께 만든 ‘뉴욕 예찬’으로, 섬세한 연출력으로 맨하탄의 남녀 관계를 자전적 요소와 함께 로맨틱 코미디로 만들어냈다. 맨하탄의 도심 풍경이 세련되게 빛나는 흑백 영화로 동틀 무렵 앨런과 다이안 키튼이 다리를 배경으로 앉아 있는 아름다운 장면이 인상적이다.", "poster_path": "/k4eT3EvfxW1L9Wmt04UqJqCvCR6.jpg", "popularity": 251.721, "adult": false, "release_date": "1979-04-25", "is_latest": false, "is_popular": true, "genre_ids": [18, 35, 10749], "likes_user": [], "store_user": []}}, {"model": "movies.movie", "pk": 202, "fields": {"title": "블랙 위도우", "overview": "어벤져스 멤버들이 뿔뿔이 흩어지고 혼자가 된 어벤져스의 히어로 블랙 위도우는  20년 전 헤어진 여동생 옐레나와 재회하는데, 이 과정에서 사라진 줄 알았던 레드룸이 아직도 실재한다는 사실을 알게 된다. 레드룸은 두 사람을 암살자로 만든 소비에트연방의 훈련기관. 두 사람은 레드룸을 없애고 지배받는 여성들을 구하기로 의기투합한다. 상대의 능력을 복제하는 빌런 태스크마스터와 새로운 위도우들의 위협에 맞서 목숨을 건 반격을 시작하는 나타샤는 스파이로 활약했던 자신의 과거 뿐 아니라, 어벤져스가 되기 전 함께했던 동료들을 마주해야만 하는데...", "poster_path": "/oPMAUqhwQf9mLCU5xEGPv33lAJO.jpg", "popularity": 253.4, "adult": false, "release_date": "2021-07-07", "is_latest": false, "is_popular": true, "genre_ids": [12, 28, 878], "likes_user": [], "store_user": []}}, {"model": "movies.movie", "pk": 203, "fields": {"title": "재키", "overview": "우아하고 기품 있는 스타일과 친근한 이미지로 국민들에게 큰 사랑을 받았던  존 F. 케네디 대통령의 부인, 재클린 케네디.  하지만 퍼레이드 도중 충격적인 암살 사건으로 대통령이 사망하면서 그녀는 혼란에 빠진다.  남편의 죽음을 가장 가까이에서 지켜본 슬픔을 달랠 새도 없이, 의연하게 장례식을 준비해야 하는 그녀.  더 이상 퍼스트 레이디가 아닌 재키는 백악관을 지휘하는 데 어려움을 겪지만 곧 자신이야말로  남편의 시대를 마무리할 수 있는 한 사람이라는 것을 깨닫는다.  모두가 사랑한 퍼스트 레이디, 전설을 새로 쓰다!", "poster_path": "/yIlmfZYiXB7UTYxUBTEhiWrOYJO.jpg", "popularity": 253.961, "adult": false, "release_date": "2016-12-02", "is_latest": false, "is_popular": true, "genre_ids": [18], "likes_user": [], "store_user": []}}, {"model": "movies.movie", "pk": 204, "fields": {"title": "파이트 클럽", "overview": "자동차 회사의 리콜 심사관으로 일하는 주인공(에드워드 노튼)은 일상의 무료함과 공허함 속에서 늘 새로운 탈출을 꿈꾼다. 그는 비행기에서 자신을 비누 제조업자라고 소개하는 타일러 더든(브래드 피트)을 만난다. 집에 돌아온 주인공은 아파트가 누군가에 의해 폭파되었음을 발견하고, 타일러에게 도움을 청해 함께 생활하게 된다. 어느 날 밤 타일러는 주인공에게 자신을 때려달라고 부탁한다. 사람은 싸워봐야 진정한 자신을 알 수 있다는 것이다. 결국 이들은 매주 토요일 밤 술집 지하에서 맨주먹으로 격투를 벌이는 파이트 클럽을 결성하기에 이르는데...", "poster_path": "/eKZ07Ted7VHxQjbuZrRBFOamcKJ.jpg", "popularity": 257.598, "adult": false, "release_date": "1999-10-15", "is_latest": false, "is_popular": true, "genre_ids": [18], "likes_user": [], "store_user": []}}, {"model": "movies.movie", "pk": 205, "fields": {"title": "아이언맨 3", "overview": "어벤저스의 일원으로 활약한 뉴욕 사건 이후, 트라우마로 인해 영웅으로서의 삶에 회의를 느끼는 토니 스타크. 그가 혼란을 겪는 사이 최악의 테러리스트 만다린을 내세운 익스트리미스 집단 AIM이 스타크 저택에 공격을 퍼붓는다. 이 공격으로 그에게 남은 건 망가진 수트 한 벌 뿐. 모든 것을 잃어버린 그는 다시 테러의 위험으로부터 세계와 사랑하는 여인을 지켜내야 하는 동시에 머릿속을 떠나지 않던 한가지 물음의 해답도 찾아야만 한다. 과연 그가 아이언맨인가? 수트가 아이언맨인가?", "poster_path": "/pGMfidaVkjMVHXNIl7yippnipFT.jpg", "popularity": 268.468, "adult": false, "release_date": "2013-04-18", "is_latest": false, "is_popular": true, "genre_ids": [12, 28, 878], "likes_user": [], "store_user": []}}, {"model": "movies.movie", "pk": 206, "fields": {"title": "프레데터스", "overview": "알 수 없는 외계 행성에 영문도 모른 채 끌려온 7명의 킬러들. 전직 의사 한 명을 제외하곤 용병, 야쿠자, 사형수, 암살단원 등 지구에서 극악무도한 범죄를 저지른 자들이다. 자신들이 어디에 와 있는 지 알아채기도 전에 그들은 강력한 힘을 가진 정체불명의 생명체에게 쫓기기 시작한다. 그 정체불명의 생명체는 우주 최강의 포식자, 프레데터들이다. 더욱 강력하게 진화한 놈들은 프레데터 하운드독과 팔콘을 부리며 보다 지능적으로 무자비한 인간 사냥에 나선다. 점차 밝혀지는 프레데터들의 충격적인 비밀 앞에 지구에서 가장 위험한 존재였던 킬러들은 힘을 모을 수 밖에 없다. 살아남기 위해서.", "poster_path": "/zHJK9ZvfEk10DwOOIIxke5fDkCj.jpg", "popularity": 255.039, "adult": false, "release_date": "2010-07-03", "is_latest": false, "is_popular": true, "genre_ids": [28, 53, 878], "likes_user": [], "store_user": []}}, {"model": "movies.movie", "pk": 207, "fields": {"title": "특수부대 비룡", "overview": "캐나다의 한 호텔이 테러리스트들에게 점령당한다. 임무를 위해 그곳에 잠입한 비룡부대의 룽웨이는 생각지 못했던 거대한 음모가 있음을 알게 되고, 특수부대 비룡과 세계를 구할 최후의 작전을 준비한다.", "poster_path": "/dwa6Y6ZXwymAow6LyWDIng8FpMw.jpg", "popularity": 256.043, "adult": false, "release_date": "2021-07-10", "is_latest": false, "is_popular": true, "genre_ids": [28], "likes_user": [], "store_user": []}}, {"model": "movies.movie", "pk": 208, "fields": {"title": "메트로폴리스", "overview": "풍요로운 삶을 누리는 지상세계의 프레더는 어느날 마리아를 통해 지하 세계의 비참한 생활상을 알게된다. 프레더는 그의 아버지 프레드슨에게 노동자들의 삶을 개선해 줄 것을 요청하지만 거절당한다. 한편 마리아가 주도하는 지하 세계의 집회를 목격한 프레드슨은 로트왕에게 마리아와 똑같은 로봇을 만들어 지하세계의 노동자들을 교란할 것을 명령하는데...", "poster_path": "/vODOVn29fr0nLF9MVfpfKDcxuXF.jpg", "popularity": 251.424, "adult": false, "release_date": "1927-02-06", "is_latest": false, "is_popular": true, "genre_ids": [18, 878], "likes_user": [], "store_user": []}}, {"model": "movies.movie", "pk": 209, "fields": {"title": "캅 랜드", "overview": "개리슨은 작은 마을로 뉴욕 시경에 근무하는 경찰들이 모여 사는 곳으로 '캅랜드'라 불린다. 이곳은 경찰관 레이(하비 카이틀)를 중심으로 뭉쳐진 곳으로 겉으론 평온하지만 비리로 가득차 있다.  어느날 레이의 조카이자 경찰인 비비치가 사람을 죽이는 사건이 발생하고 이를 은폐하기 위해 레이는 비비치가 자살한 것처럼 속이고 비비치를 캅랜드에 숨겨놓는다. 비비치 사건에 의심을 품은 내사관 모 틸든(로버트 드 니로)이 캅랜드로 찾아온다. 그는 마을의 보안관인 프레디(실베스터 스탤론)에게 협조를 요구하지만 보복이 두려운 프레디는 협조를 거절한다.  한편 레이는 숨어있는 비비치가 성가셔지자 그를 수장하려고 하지만 실패하고, 레이와 경찰의 부패를 참지 못한 프레디는 그들과 맞서기로 결심하는데...", "poster_path": "/edHugK0f3OlutAOIfMcMi1Pm88N.jpg", "popularity": 252.151, "adult": false, "release_date": "1997-08-15", "is_latest": false, "is_popular": true, "genre_ids": [18, 80, 9648], "likes_user": [], "store_user": []}}, {"model": "movies.movie", "pk": 210, "fields": {"title": "엑스 마키나", "overview": "유능한 프로그래머 칼렙은 치열한 경쟁 끝에 인공지능 분야의 천재 개발자 네이든의 새로운 프로젝트에 참여하게 된다. 외부엔 알려지지 않은 그의 비밀 연구소로 초대받은 칼렙은 그 곳에서 네이든이 창조한 매혹적인 A.I. 에이바를 만나게 된다. 그녀의 인격과 감정이 진짜인지 아니면 프로그래밍 된 것인 지를 밝히는 테스트를 진행하지만. 점점 에이바도 그녀의 창조자 네이든도 그리고 자신의 존재조차 믿을 수 없게 되고 모든 것을 의심하게 되는데…", "poster_path": "/a3tuxUHT64cl4gPqWbtsLyKdzJS.jpg", "popularity": 269.671, "adult": false, "release_date": "2015-01-21", "is_latest": false, "is_popular": true, "genre_ids": [18, 878], "likes_user": [], "store_user": []}}, {"model": "movies.movie", "pk": 211, "fields": {"title": "더 그레이", "overview": "알래스카에서 석유 추출공과 작업자들을 외부의 위협과 야생 동물들로부터 보호하는 임무를 지닌 프로페셔널 가드 '오트웨이'.(리암 니슨) 그는 일행들과 함께 고향으로 가기 위해 비행기에 탑승한다. 하지만 비행기는 알래스카의 알 수 없는 설원 속으로 곤두박질 치고 살아남은 생존자들은 영하 30도에 육박하는 추위와 두려움 그리고 눈보라 속에 남겨지게 되는데...", "poster_path": "/QNPJ1Vql7a2M5rj1CyOpj3tpof.jpg", "popularity": 245.773, "adult": false, "release_date": "2012-01-26", "is_latest": false, "is_popular": true, "genre_ids": [12, 18, 28, 53], "likes_user": [], "store_user": []}}, {"model": "movies.movie", "pk": 212, "fields": {"title": "드라이", "overview": "불미스러운 일로 고향을 떠났던 에런은 친구 루크의 장례식에 참석하기 위해 20년 만에 고향을 찾는다. 가족을 죽이고 자살한 것으로 보이는 루크. 유가족의 요청으로 사건을 파헤치던 에런은 여자친구였던 엘리의 죽음에도 석연치 않은 부분이 있음을 알게 되는데...", "poster_path": "/bmJwEXgphC20iBQFXdGd3zcaS8U.jpg", "popularity": 254.651, "adult": false, "release_date": "2021-01-01", "is_latest": false, "is_popular": true, "genre_ids": [53, 80, 9648], "likes_user": [], "store_user": []}}, {"model": "movies.movie", "pk": 213, "fields": {"title": "록키 4", "overview": "록키는 친구 아폴로 크리드와 러시아 출신 복서 이반 드라고의 경기를 참관한다. 드라고는 소련이 정책적으로 키운 복서이며 첨단의 인체공학을 응용한 초현대식 훈련장비를 사용하여 강력한 파워와 테크닉을 갖춘 강철같은 사나이였다. 그는 록키에게 공공연히 도전하면서, 미국의 자존심을 건드린다. 록키를 대신해 크리드가 나서지만, 드라고의 적수가 되지 못한 크리드는 드라고에 의해 경기 도중 사망하게 되고, 록키는 크리드의 매니저에게 도움을 받아 크리드의 원한을 갚고 드라고와 맞서기 위해 소련으로 가는데...", "poster_path": "/9dKUf2pGZYRxoFgfJws5nwbWu3W.jpg", "popularity": 258.326, "adult": false, "release_date": "1985-11-21", "is_latest": false, "is_popular": true, "genre_ids": [18], "likes_user": [], "store_user": []}}, {"model": "movies.movie", "pk": 214, "fields": {"title": "명탐정 필립", "overview": "사립탐정 필립 말로우는 퇴역장군 스턴우드 장군의 부름을 받고 그의 대저택을 방문한다. 병환 중에 있는 스턴우드 장군에게는 두 명의 아름다운 딸 비비안과 카르멘이 있었다. 큰 딸 비비안은 도박꾼에 알코올 중독자며 둘째 딸 카르멘은 마약중독자이다. 스턴우드 장군은 둘째 딸과 관련되어 협박하는 사람들에 대해 해결을 해줄 것과 다른 하나는 사라진 리건을 찾아달라고 말로우를 고용한다. 그러나 사건을 조사하던 필립은 협박자 가이거가 서점을 위장해 포르노잡지를 판매한다는 사실을 알아낸다. 가이거의 뒤를 ?던 필립은 우연히 가이거의 피살 현장을 목격하게 되고. 그 범인이 카르멘을 사랑하고 있던 스턴우드의 운전사 오웬 테일러라는 사실을 알게 된다.", "poster_path": "/lraHo9D8c0YWfxsKqT5P5sVqMKN.jpg", "popularity": 239.047, "adult": false, "release_date": "1946-08-23", "is_latest": false, "is_popular": true, "genre_ids": [53, 80, 9648], "likes_user": [], "store_user": []}}, {"model": "movies.movie", "pk": 215, "fields": {"title": "원더 우먼 1984", "overview": "사랑의 힘으로 시련을 딛고 진정한 슈퍼히어로로 거듭난 원더 우먼 다이애나 프린스는 고고학자로서 인간들 사이에서 조용히 살고 있다. 다이애나의 마음 한편엔 세상을 떠난 연인 스티브 트레버의 빈자리가 여전하다. 그녀의 주변이 어수선해지기 시작한 건 동료 바바라가 관리 중이던 고대 유물을 수상한 석유 부자 맥스 로드에게 맡기고서부터. 사람들의 소원을 들어주는 대가로 그들에게서 가장 소중한 것을 앗아가는 빌런이 세상을 어지럽히기 시작하고, 다이애나의 앞엔 거짓말처럼 죽었던 스티브가 나타나는데...", "poster_path": "/othklITZKxDjTpuEyJtZji2p0Wm.jpg", "popularity": 246.66, "adult": false, "release_date": "2020-12-16", "is_latest": false, "is_popular": true, "genre_ids": [12, 14, 28], "likes_user": [], "store_user": []}}, {"model": "movies.movie", "pk": 216, "fields": {"title": "범블비", "overview": "지속된 디셉티콘과의 전쟁에서 위기에 몰린 옵티머스 프라임은 중요한 임무를 가진 오토봇을 지구로 보낸다.  지구에 도착한 오토봇은 인간들에게 쫓기게 되고, 낡은 비틀로 변신해 폐차장에 은둔하던 중,  찰리라는 소녀에 의해 발견된다.  비틀을 수리하던 찰리는 자신의 낡은 자동차가 거대한 로봇으로 변신하는 놀라운 광경을 목격하고,  모든 기억이 사라진 그에게 ‘범블비’라는 이름을 지어주며 서로에게 특별한 존재가 되어간다.  하지만, 범블비의 정체를 파헤치려는 인간들과 그가 가진 비밀을 쫓는 디셉티콘의 추격과 압박은 점점 더 심해지는데…", "poster_path": "/a1XTVjEiShbX1XE6Uvaho49gw3l.jpg", "popularity": 236.263, "adult": false, "release_date": "2018-12-15", "is_latest": false, "is_popular": true, "genre_ids": [12, 28, 878], "likes_user": [], "store_user": []}}, {"model": "movies.movie", "pk": 217, "fields": {"title": "그것", "overview": "살인과 실종사건이 이상하게 많이 생기는 데리라는 마을, 비 오는 어느 날 종이배를 들고 나간 동생이 사라졌다.  형 빌은 ‘루저 클럽’ 친구들과 함께 동생을 찾아 나서고, 27년마다 가장 무서워하는 것의 모습을 한 채 아이들을 잡아먹는다는 ‘그것’이 빨간 풍선을 든 삐에로의 모습으로 그들 앞에 나타나는데…  빌과 친구들은 공포를 이겨내고 ‘그것’에 맞서 동생과 사라진 아이들을 찾을 수 있을까?", "poster_path": "/nlZKIOeoSWwrRcrppoIbkfOGZ6J.jpg", "popularity": 226.321, "adult": false, "release_date": "2017-09-06", "is_latest": false, "is_popular": true, "genre_ids": [27], "likes_user": [], "store_user": []}}, {"model": "movies.movie", "pk": 218, "fields": {"title": "토탈 리콜", "overview": "서기 2084년. 어느 신도시에서 광산일을 하고 사는 퀘이드(아놀드 슈왈젠에거)는 미모의 아내 로리(샤론 스톤)와 행복하게 살아가지만 밤마다 이상한 꿈을 꾸게 된다. 한 번도 가본 적이 없는 화성에서 이름도 알 수 없는 갈색머리 여자와 행복하게 살고 있는 것이 자꾸 꿈으로 나타나자 퀘이드는 리콜이라는 여행사를 찾아간다. 이곳은 싼값으로 우주 여행을 다녀온 것처럼 뇌 속에 기억을 이식시켜줌으로써 욕구를 충족시켜주는 곳. 이식을 받던 퀘이드는 커다란 충격에서 깨어나 놀라운 사실들을 알게 되는데...", "poster_path": "/oLiE3nj8DKO6vlBRdJpZOtbaqAa.jpg", "popularity": 245.173, "adult": false, "release_date": "1990-06-01", "is_latest": false, "is_popular": true, "genre_ids": [12, 28, 878], "likes_user": [], "store_user": []}}, {"model": "movies.movie", "pk": 219, "fields": {"title": "허슬러", "overview": "가진 자들만이 돈을 불리며 판을 치는 세상, 권력과 돈이면 모든 것을 살 수 있다는 그들에게 필요한 건 화끈한 한.방!  외모, 두뇌플레이 모두 갖춘 그녀들이 은밀히 움직이기 시작하는데... 세상을 향한 그녀들의 통쾌한 한방! 지금부터가 진짜 시작이다!", "poster_path": "/2H0gjSVdKdk20mGoU8QMItcsygQ.jpg", "popularity": 252.652, "adult": false, "release_date": "2019-09-12", "is_latest": false, "is_popular": true, "genre_ids": [18, 35, 80], "likes_user": [], "store_user": []}}, {"model": "movies.movie", "pk": 221, "fields": {"title": "라이온 킹", "overview": "혈통을 이어받은 사자가 왕국을 다스리는 아프리카의 프라이드 랜드, 무파사의 아들 심바는 왕좌를 물려받기로 예정되어 있다. 하지만 탐욕스런 무파사의 동생 스카가 자신의 형제를 죽이고, 마치 그 원인이 심바에게 있는 것처럼 분위기를 조장해 그를 왕국에서 쫓아낸다. 아버지의 죽음에 대한 죄책감에 시달리던 심바는 의욕 충만한 친구들 품바와 티몬의 도움으로 희망을 되찾는다. 어느 날 우연히 옛 친구 날라를 만난 심바는 과거를 마주할 용기를 얻고, 진정한 자신의 모습을 찾아 위대하고도 험난한 도전을 떠나게 되는데...", "poster_path": "/mOR24P4tXgcT3cjzPs7Ca0wog7X.jpg", "popularity": 247.641, "adult": false, "release_date": "2019-07-12", "is_latest": false, "is_popular": true, "genre_ids": [12, 16, 18, 10751], "likes_user": [], "store_user": []}}, {"model": "movies.movie", "pk": 223, "fields": {"title": "나의 잘못", "overview": "노아는 남자 친구와 친구들이 있는 동네를 뒤로하고 엄마의 새 부자 남편 저택으로 이사를 가게 된다. 의붓오빠 닉과는 첫 만남부터 삐걱댔지만 곧 서로에게 이끌려 금지된 관계를 맺는다. 반항심과 고뇌로 가득 찬 그들의 인생은 송두리째 흔들리고 둘은 결국 뜨거운 사랑에 빠진다.", "poster_path": "/duT8Vks5FXwDkpxoR84xb2a6VB6.jpg", "popularity": 294.566, "adult": false, "release_date": "2023-06-08", "is_latest": false, "is_popular": true, "genre_ids": [18, 10749], "likes_user": [], "store_user": []}}, {"model": "movies.movie", "pk": 224, "fields": {"title": "좋은 친구들", "overview": "아일랜드계 이탈리아인 헨리 힐와 토미는 13살에 마피아에 입문해 지미와 함께 트럭이나 공항 화물을 훔치는 일을 한다. 결혼 후에도 마피아 생활을 계속하는 헨리는 이제 조직에서도 안정된 위치와 경제적 여유를 갖는다.  어느 날 헨리와 지미는 공항터미널 사건을 모의해 현금 6백만 달러라는 엄청한 돈을 훔친다. 이 사건을 은폐하기 위해 혈안이 된 지미는 모의에 참여했던 사람들을 죽이고, 토미는 마피아 조직에 가담했다가 살해당한다. 엎친데 덮친격으로 헨리마저 마약거래로 경찰서에 잡혀 들어가는데...", "poster_path": "/zF9hSBS1t7PVFLo01GrJ3OjGi67.jpg", "popularity": 236.256, "adult": false, "release_date": "1990-09-12", "is_latest": false, "is_popular": true, "genre_ids": [18, 80], "likes_user": [], "store_user": []}}, {"model": "movies.movie", "pk": 225, "fields": {"title": "쏘우 X", "overview": "존은 암을 치료할 수 있는 기적을 기대하며 위험하고 실험적인 의료 시술을 받기 위해 멕시코로 떠났지만, 이 모든 수술이 가장 취약한 사람들을 속이기 위한 사기라는 사실을 알게 된다", "poster_path": "/bvwEkotIuHxjuSCEXhhSna0BqQT.jpg", "popularity": 265.857, "adult": false, "release_date": "2023-09-27", "is_latest": false, "is_popular": true, "genre_ids": [27, 53], "likes_user": [], "store_user": []}}, {"model": "movies.movie", "pk": 226, "fields": {"title": "스타워즈 에피소드 6: 제다이의 귀환", "overview": "전작으로부터 약 1년 후의 이야기로, 전편의 클라이막스에서 엄청난 과거사를 접한 후 몸과 마음을 추스린 루크 스카이워커가 어엿한 제다이 기사로 성장해 동료들과 함께 결국 사악한 은하 제국을 무너뜨린다는 내용. 제국의 역습 때보다 배는 더 되는 금액[8]을 특수효과에 투입했으며, 흥행도 전작들(제국의 역습은 5억 3천만 달러, 새로운 희망은 재개봉까지 합쳐 7억 7천만 달러) 못잖게 엄청난 대박(전세계 5억 7천만 달러)을 쳤다. 한동안 최대 흥행 영화로 기네스북에 실렸으며 이는 타이타닉이 나올 때까지 깨지지 않았다.", "poster_path": "/qUA5lGAXzgr9UDKvUreiLOGa9fM.jpg", "popularity": 223.683, "adult": false, "release_date": "1983-05-25", "is_latest": false, "is_popular": true, "genre_ids": [12, 28, 878], "likes_user": [], "store_user": []}}, {"model": "movies.movie", "pk": 227, "fields": {"title": "뉴 뮤턴트", "overview": "어린 뮤턴트들을 수용하는 멀버리 병원에 가장 마지막으로 입원한 대니는 자신이 돌연변이라는 사실을 알지만, 정확히 어떤 초능력을 가졌는지는 모른다. 먼저 입원한 레인은 늑대인간으로 변하고 샘은 엄청나게 빠른 속도로 어디든 뚫고 지나간다. 일리야나는 오른팔을 검푸른 검으로 만들어 휘두를 수 있을 뿐 아니라, 위험할 땐 자신이 만들어낸 공간 림보로 재빨리 달아나는 능력까지 지녔다. 자신이 어떤 능력을 타고났는지도 모르는 대니와 달리 이들은 자신의 능력을 정확히 알고 있고 제어하는 힘까지 잘 안다. 대니는 닥터 레예스와 함께 상담을 이어가면서 능력을 통제하는 힘을 키워나가려고 한다.", "poster_path": "/bqZRy3tJjJIrA38FSdqJEufQ2Os.jpg", "popularity": 229.448, "adult": false, "release_date": "2020-04-02", "is_latest": false, "is_popular": true, "genre_ids": [12, 27, 28, 878, 9648], "likes_user": [], "store_user": []}}, {"model": "movies.movie", "pk": 228, "fields": {"title": "크리에이터", "overview": "인류를 지키기 위해 만들어진 AI가 LA에 핵폭탄을 터뜨린 후, 인류와 AI 간의 피할 수 없는 전쟁이 시작된다. 전직 특수부대 요원 '조슈아'는 실종된 아내의 단서를 얻을지도 모른다는 생각에 전쟁을 끝내기 위한 인류의 작전에 합류한다. 인류를 위협할 강력한 무기와 이를 창조한 '창조자'를 찾아 나서고, 그 무기가 아이 모습의 AI 로봇 '알피'란 사실을 알게 되는데...", "poster_path": "/eK1uG7rxc8Bk0ceqHa0wjMZNs8c.jpg", "popularity": 259.522, "adult": false, "release_date": "2023-09-27", "is_latest": false, "is_popular": true, "genre_ids": [12, 28, 878], "likes_user": [], "store_user": []}}, {"model": "movies.movie", "pk": 229, "fields": {"title": "헌트", "overview": "낯선 사람들과 함께 의문의 지역에 갇혀 영문도 모른 채 사냥 당하고 있는 ‘크리스탈’(베티 길핀)이 자신들을 사냥하는 주체를 밝히고, 그들을 찾아 복수하기 위해 고군분투하는 이야기", "poster_path": "/8mS3VvzeDfw6VdgQQbXsunNBEit.jpg", "popularity": 246.816, "adult": false, "release_date": "2020-03-11", "is_latest": false, "is_popular": true, "genre_ids": [27, 28, 53], "likes_user": [], "store_user": []}}, {"model": "movies.movie", "pk": 230, "fields": {"title": "오션스 8", "overview": "전 애인의 배신으로 5년간 감옥에서 썩은 데비 오션은 가석방되자마자  믿음직한 동료 루와 함께 새로운 작전을 계획한다. 그들의 목표는 바로 뉴욕 메트로폴리탄 박물관에서 열리는 미국 최대 패션 행사인  메트 갈라에 참석하는 톱스타 다프네의 목에 걸린 1천 5백억 원의 다이아몬드 목걸이, 투생을 훔치는 것. 패션 디자이너 로즈 바일부터 보석 전문가 아미타, 소매치기 콘스탄스와 해커 나인 볼까지, 전격 결성된 각 분야 전문가들이 마침내 실행에 나서는데...", "poster_path": "/mbE7RoCiFLljulqOhYSlkrnt5b0.jpg", "popularity": 241.003, "adult": false, "release_date": "2018-06-07", "is_latest": false, "is_popular": true, "genre_ids": [28, 35, 80], "likes_user": [], "store_user": []}}, {"model": "movies.movie", "pk": 231, "fields": {"title": "지오스톰", "overview": "가까운 미래, 기후변화로 인해 지구에 갖가지 자연재해가 속출한다.  세계 정부 연합은 더 이상의 재난을 예방하기 위해  세계 인공위성 조직망을 통해 날씨를 조종할 수 있는 '더치보이 프로그램'을 개발한다.  하지만 프로그램에 문제가 생기면서 두바이의 쓰나미와 홍콩의 용암 분출, 리우의 혹한, 모스크바의 폭염까지,  세계 곳곳에서 일어날 수 없는 기상이변이 일어나는데...", "poster_path": "/cBvjpQEzceaEyTwpXONvAhdH8Zl.jpg", "popularity": 255.729, "adult": false, "release_date": "2017-10-12", "is_latest": false, "is_popular": true, "genre_ids": [28, 53, 878], "likes_user": [], "store_user": []}}, {"model": "movies.movie", "pk": 232, "fields": {"title": "가여운 것들", "overview": "대학에서 해부학을 가르치고 있는 교수인 고드윈 벡스터는 젊고 아름다운 여성 벨라와 함께 살고 있다. 어린 아기의 지능을 가지고 있는 벨라를 고드윈은 마치 자신의 딸처럼 아끼며 그녀에게 말과 행동을 가르친다. 한편 고드윈의 제자이자 평소 그를 존경해 왔던 맥스는 고드윈 교수와 가까이 지내게 되면서 벨라를 만나게 된다. 벨라의 이상 행동에 관심을 갖기 시작하는 맥스, 고드윈 박사로부터 벨라는 얼마 전에 자살한 여자를 자신이 의학적으로 되살린 것이라는 충격적인 말을 듣게 된다. 하지만 이미 벨라에게 마음을 뺏긴 맥스는 고드윈 박사의 제안에 따라 그녀와 약혼하기로 결심하는데...", "poster_path": "/4VMekvKYG2FVIfKPG076rf625G7.jpg", "popularity": 246.235, "adult": false, "release_date": "2023-12-07", "is_latest": false, "is_popular": true, "genre_ids": [35, 878, 10749], "likes_user": [], "store_user": []}}, {"model": "movies.movie", "pk": 233, "fields": {"title": "콩: 스컬 아일랜드", "overview": "전 세계 누구에게도 알려지지 않은 미지의 섬 스컬 아일랜드. 어느 날 세상에 존재하는 괴생명체를 쫓는 모나크 팀은 위성이 이 섬에 무언가를 포착했다는 정보를 입수한다. 이에 모나크의 수장이자 탐사팀의 리더를 필두로 지질학자, 생물학자가 합류하고,  수많은 전투에서 뼈가 굵은 베트남 베테랑인 중령과 부대원들, 그리고 전직 군인 출신의 정글 전문 가이드와 반전 사진기자가 탐사의 진짜 목적을 파헤치기 위해 작전에 동참한다.  폭풍우를 헤치고 섬에 도착하자마자 그들 앞에 나타난 것은 바로 이 섬의 왕인 콩. 콩은 등장과 함께 모든 것을 박살내고, 가까스로 살아남은 생존자들은 해골이 흩뿌려진 황무지에서 콩의 적들까지 마주하게 되는데…", "poster_path": "/zkvi78iWU5Qc8bXtqNuOaWROLmg.jpg", "popularity": 243.347, "adult": false, "release_date": "2017-03-08", "is_latest": false, "is_popular": true, "genre_ids": [12, 14, 28], "likes_user": [], "store_user": []}}, {"model": "movies.movie", "pk": 234, "fields": {"title": "더 보이", "overview": "어느 날, 간절히 아기를 원하던 부부에게 찾아온 다른 세계의 소년 ‘브랜든’. 부모의 보살핌 속에 평범하게 자라던 중 자신에게 숨겨진 강력한 힘을 깨닫게 되면서 인류를 위협할 사악한 본성을 드러내기 시작하는데…", "poster_path": "/oQq7LyS2Q0nqOD3OQoAlHC4Q3Zv.jpg", "popularity": 240.248, "adult": false, "release_date": "2019-05-09", "is_latest": false, "is_popular": true, "genre_ids": [27, 53, 878, 9648], "likes_user": [], "store_user": []}}, {"model": "movies.movie", "pk": 235, "fields": {"title": "헬레이저", "overview": "우연히 구한 퍼즐 박스를 통해 지옥으로 가는 통로를 발견한 프랭크는 암흑의 공간으로 빠져 든다. 몇 년 후 래리와 줄리아 부부가 이사를 오고 줄리아는 결혼 전 사랑한 프랭크의 유품을 발견한다. 줄리아는 다락방에서 악마의 포로가 된 프랭크를 만나고 그를 구하기 위해 거리의 남자들을 유인, 잔인하게 도살한다.", "poster_path": "/tgGm6Vy3LVubVcx6GvFtWxvfCAg.jpg", "popularity": 239.102, "adult": false, "release_date": "1987-09-11", "is_latest": false, "is_popular": true, "genre_ids": [14, 27, 53], "likes_user": [], "store_user": []}}, {"model": "movies.comment", "pk": 6, "fields": {"user": 1, "movie": 5, "content": "ㅇㄴㄹㄴㅇㄹㄴㅇㄹ", "likes_user": []}}, {"model": "movies.comment", "pk": 7, "fields": {"user": 1, "movie": 5, "content": "232323", "likes_user": []}}, {"model": "movies.comment", "pk": 10, "fields": {"user": 1, "movie": 1, "content": "ㄹㄴㅇㄹㄴㅇㄹ", "likes_user": [1, 3]}}, {"model": "movies.comment", "pk": 11, "fields": {"user": 1, "movie": 2, "content": "ㄹㄴㅇㄹㄴㅇㄹ", "likes_user": []}}, {"model": "movies.comment", "pk": 14, "fields": {"user": 1, "movie": 3, "content": "ㅁㄴㅇㅁㄴㅇㅁㄴㅇ", "likes_user": []}}, {"model": "movies.comment", "pk": 18, "fields": {"user": 2, "movie": 3, "content": "asdf", "likes_user": []}}, {"model": "movies.comment", "pk": 19, "fields": {"user": 2, "movie": 3, "content": "안녕", "likes_user": []}}, {"model": "movies.comment", "pk": 20, "fields": {"user": 1, "movie": 1, "content": "원숭이", "likes_user": [1]}}, {"model": "authtoken.token", "pk": "5b857592d8f334a6b99c8ae5a424b7de988b7511", "fields": {"user": 2, "created": "2024-05-22T09:35:45.235"}}, {"model": "authtoken.token", "pk": "7fc52d44d170d86f6ac7a2f57d35c10bc465d693", "fields": {"user": 1, "created": "2024-05-22T09:32:39.110"}}, {"model": "authtoken.token", "pk": "f57fb1c5b5606a18a1fb5437b3b2fd22aebb1b57", "fields": {"user": 3, "created": "2024-05-22T13:39:40.887"}}, {"model": "sites.site", "pk": 1, "fields": {"domain": "example.com", "name": "example.com"}}, {"model": "auth.permission", "pk": 1, "fields": {"name": "Can add article", "content_type": 1, "codename": "add_article"}}, {"model": "auth.permission", "pk": 2, "fields": {"name": "Can change article", "content_type": 1, "codename": "change_article"}}, {"model": "auth.permission", "pk": 3, "fields": {"name": "Can delete article", "content_type": 1, "codename": "delete_article"}}, {"model": "auth.permission", "pk": 4, "fields": {"name": "Can view article", "content_type": 1, "codename": "view_article"}}, {"model": "auth.permission", "pk": 5, "fields": {"name": "Can add category", "content_type": 2, "codename": "add_category"}}, {"model": "auth.permission", "pk": 6, "fields": {"name": "Can change category", "content_type": 2, "codename": "change_category"}}, {"model": "auth.permission", "pk": 7, "fields": {"name": "Can delete category", "content_type": 2, "codename": "delete_category"}}, {"model": "auth.permission", "pk": 8, "fields": {"name": "Can view category", "content_type": 2, "codename": "view_category"}}, {"model": "auth.permission", "pk": 9, "fields": {"name": "Can add comment", "content_type": 3, "codename": "add_comment"}}, {"model": "auth.permission", "pk": 10, "fields": {"name": "Can change comment", "content_type": 3, "codename": "change_comment"}}, {"model": "auth.permission", "pk": 11, "fields": {"name": "Can delete comment", "content_type": 3, "codename": "delete_comment"}}, {"model": "auth.permission", "pk": 12, "fields": {"name": "Can view comment", "content_type": 3, "codename": "view_comment"}}, {"model": "auth.permission", "pk": 13, "fields": {"name": "Can add user", "content_type": 4, "codename": "add_user"}}, {"model": "auth.permission", "pk": 14, "fields": {"name": "Can change user", "content_type": 4, "codename": "change_user"}}, {"model": "auth.permission", "pk": 15, "fields": {"name": "Can delete user", "content_type": 4, "codename": "delete_user"}}, {"model": "auth.permission", "pk": 16, "fields": {"name": "Can view user", "content_type": 4, "codename": "view_user"}}, {"model": "auth.permission", "pk": 17, "fields": {"name": "Can add genre", "content_type": 5, "codename": "add_genre"}}, {"model": "auth.permission", "pk": 18, "fields": {"name": "Can change genre", "content_type": 5, "codename": "change_genre"}}, {"model": "auth.permission", "pk": 19, "fields": {"name": "Can delete genre", "content_type": 5, "codename": "delete_genre"}}, {"model": "auth.permission", "pk": 20, "fields": {"name": "Can view genre", "content_type": 5, "codename": "view_genre"}}, {"model": "auth.permission", "pk": 21, "fields": {"name": "Can add movie", "content_type": 6, "codename": "add_movie"}}, {"model": "auth.permission", "pk": 22, "fields": {"name": "Can change movie", "content_type": 6, "codename": "change_movie"}}, {"model": "auth.permission", "pk": 23, "fields": {"name": "Can delete movie", "content_type": 6, "codename": "delete_movie"}}, {"model": "auth.permission", "pk": 24, "fields": {"name": "Can view movie", "content_type": 6, "codename": "view_movie"}}, {"model": "auth.permission", "pk": 25, "fields": {"name": "Can add comment", "content_type": 7, "codename": "add_comment"}}, {"model": "auth.permission", "pk": 26, "fields": {"name": "Can change comment", "content_type": 7, "codename": "change_comment"}}, {"model": "auth.permission", "pk": 27, "fields": {"name": "Can delete comment", "content_type": 7, "codename": "delete_comment"}}, {"model": "auth.permission", "pk": 28, "fields": {"name": "Can view comment", "content_type": 7, "codename": "view_comment"}}, {"model": "auth.permission", "pk": 29, "fields": {"name": "Can add Token", "content_type": 8, "codename": "add_token"}}, {"model": "auth.permission", "pk": 30, "fields": {"name": "Can change Token", "content_type": 8, "codename": "change_token"}}, {"model": "auth.permission", "pk": 31, "fields": {"name": "Can delete Token", "content_type": 8, "codename": "delete_token"}}, {"model": "auth.permission", "pk": 32, "fields": {"name": "Can view Token", "content_type": 8, "codename": "view_token"}}, {"model": "auth.permission", "pk": 33, "fields": {"name": "Can add token", "content_type": 9, "codename": "add_tokenproxy"}}, {"model": "auth.permission", "pk": 34, "fields": {"name": "Can change token", "content_type": 9, "codename": "change_tokenproxy"}}, {"model": "auth.permission", "pk": 35, "fields": {"name": "Can delete token", "content_type": 9, "codename": "delete_tokenproxy"}}, {"model": "auth.permission", "pk": 36, "fields": {"name": "Can view token", "content_type": 9, "codename": "view_tokenproxy"}}, {"model": "auth.permission", "pk": 37, "fields": {"name": "Can add site", "content_type": 10, "codename": "add_site"}}, {"model": "auth.permission", "pk": 38, "fields": {"name": "Can change site", "content_type": 10, "codename": "change_site"}}, {"model": "auth.permission", "pk": 39, "fields": {"name": "Can delete site", "content_type": 10, "codename": "delete_site"}}, {"model": "auth.permission", "pk": 40, "fields": {"name": "Can view site", "content_type": 10, "codename": "view_site"}}, {"model": "auth.permission", "pk": 41, "fields": {"name": "Can add email address", "content_type": 11, "codename": "add_emailaddress"}}, {"model": "auth.permission", "pk": 42, "fields": {"name": "Can change email address", "content_type": 11, "codename": "change_emailaddress"}}, {"model": "auth.permission", "pk": 43, "fields": {"name": "Can delete email address", "content_type": 11, "codename": "delete_emailaddress"}}, {"model": "auth.permission", "pk": 44, "fields": {"name": "Can view email address", "content_type": 11, "codename": "view_emailaddress"}}, {"model": "auth.permission", "pk": 45, "fields": {"name": "Can add email confirmation", "content_type": 12, "codename": "add_emailconfirmation"}}, {"model": "auth.permission", "pk": 46, "fields": {"name": "Can change email confirmation", "content_type": 12, "codename": "change_emailconfirmation"}}, {"model": "auth.permission", "pk": 47, "fields": {"name": "Can delete email confirmation", "content_type": 12, "codename": "delete_emailconfirmation"}}, {"model": "auth.permission", "pk": 48, "fields": {"name": "Can view email confirmation", "content_type": 12, "codename": "view_emailconfirmation"}}, {"model": "auth.permission", "pk": 49, "fields": {"name": "Can add social account", "content_type": 13, "codename": "add_socialaccount"}}, {"model": "auth.permission", "pk": 50, "fields": {"name": "Can change social account", "content_type": 13, "codename": "change_socialaccount"}}, {"model": "auth.permission", "pk": 51, "fields": {"name": "Can delete social account", "content_type": 13, "codename": "delete_socialaccount"}}, {"model": "auth.permission", "pk": 52, "fields": {"name": "Can view social account", "content_type": 13, "codename": "view_socialaccount"}}, {"model": "auth.permission", "pk": 53, "fields": {"name": "Can add social application", "content_type": 14, "codename": "add_socialapp"}}, {"model": "auth.permission", "pk": 54, "fields": {"name": "Can change social application", "content_type": 14, "codename": "change_socialapp"}}, {"model": "auth.permission", "pk": 55, "fields": {"name": "Can delete social application", "content_type": 14, "codename": "delete_socialapp"}}, {"model": "auth.permission", "pk": 56, "fields": {"name": "Can view social application", "content_type": 14, "codename": "view_socialapp"}}, {"model": "auth.permission", "pk": 57, "fields": {"name": "Can add social application token", "content_type": 15, "codename": "add_socialtoken"}}, {"model": "auth.permission", "pk": 58, "fields": {"name": "Can change social application token", "content_type": 15, "codename": "change_socialtoken"}}, {"model": "auth.permission", "pk": 59, "fields": {"name": "Can delete social application token", "content_type": 15, "codename": "delete_socialtoken"}}, {"model": "auth.permission", "pk": 60, "fields": {"name": "Can view social application token", "content_type": 15, "codename": "view_socialtoken"}}, {"model": "auth.permission", "pk": 61, "fields": {"name": "Can add log entry", "content_type": 16, "codename": "add_logentry"}}, {"model": "auth.permission", "pk": 62, "fields": {"name": "Can change log entry", "content_type": 16, "codename": "change_logentry"}}, {"model": "auth.permission", "pk": 63, "fields": {"name": "Can delete log entry", "content_type": 16, "codename": "delete_logentry"}}, {"model": "auth.permission", "pk": 64, "fields": {"name": "Can view log entry", "content_type": 16, "codename": "view_logentry"}}, {"model": "auth.permission", "pk": 65, "fields": {"name": "Can add permission", "content_type": 17, "codename": "add_permission"}}, {"model": "auth.permission", "pk": 66, "fields": {"name": "Can change permission", "content_type": 17, "codename": "change_permission"}}, {"model": "auth.permission", "pk": 67, "fields": {"name": "Can delete permission", "content_type": 17, "codename": "delete_permission"}}, {"model": "auth.permission", "pk": 68, "fields": {"name": "Can view permission", "content_type": 17, "codename": "view_permission"}}, {"model": "auth.permission", "pk": 69, "fields": {"name": "Can add group", "content_type": 18, "codename": "add_group"}}, {"model": "auth.permission", "pk": 70, "fields": {"name": "Can change group", "content_type": 18, "codename": "change_group"}}, {"model": "auth.permission", "pk": 71, "fields": {"name": "Can delete group", "content_type": 18, "codename": "delete_group"}}, {"model": "auth.permission", "pk": 72, "fields": {"name": "Can view group", "content_type": 18, "codename": "view_group"}}, {"model": "auth.permission", "pk": 73, "fields": {"name": "Can add content type", "content_type": 19, "codename": "add_contenttype"}}, {"model": "auth.permission", "pk": 74, "fields": {"name": "Can change content type", "content_type": 19, "codename": "change_contenttype"}}, {"model": "auth.permission", "pk": 75, "fields": {"name": "Can delete content type", "content_type": 19, "codename": "delete_contenttype"}}, {"model": "auth.permission", "pk": 76, "fields": {"name": "Can view content type", "content_type": 19, "codename": "view_contenttype"}}, {"model": "auth.permission", "pk": 77, "fields": {"name": "Can add session", "content_type": 20, "codename": "add_session"}}, {"model": "auth.permission", "pk": 78, "fields": {"name": "Can change session", "content_type": 20, "codename": "change_session"}}, {"model": "auth.permission", "pk": 79, "fields": {"name": "Can delete session", "content_type": 20, "codename": "delete_session"}}, {"model": "auth.permission", "pk": 80, "fields": {"name": "Can view session", "content_type": 20, "codename": "view_session"}}, {"model": "contenttypes.contenttype", "pk": 1, "fields": {"app_label": "articles", "model": "article"}}, {"model": "contenttypes.contenttype", "pk": 2, "fields": {"app_label": "articles", "model": "category"}}, {"model": "contenttypes.contenttype", "pk": 3, "fields": {"app_label": "articles", "model": "comment"}}, {"model": "contenttypes.contenttype", "pk": 4, "fields": {"app_label": "accounts", "model": "user"}}, {"model": "contenttypes.contenttype", "pk": 5, "fields": {"app_label": "movies", "model": "genre"}}, {"model": "contenttypes.contenttype", "pk": 6, "fields": {"app_label": "movies", "model": "movie"}}, {"model": "contenttypes.contenttype", "pk": 7, "fields": {"app_label": "movies", "model": "comment"}}, {"model": "contenttypes.contenttype", "pk": 8, "fields": {"app_label": "authtoken", "model": "token"}}, {"model": "contenttypes.contenttype", "pk": 9, "fields": {"app_label": "authtoken", "model": "tokenproxy"}}, {"model": "contenttypes.contenttype", "pk": 10, "fields": {"app_label": "sites", "model": "site"}}, {"model": "contenttypes.contenttype", "pk": 11, "fields": {"app_label": "account", "model": "emailaddress"}}, {"model": "contenttypes.contenttype", "pk": 12, "fields": {"app_label": "account", "model": "emailconfirmation"}}, {"model": "contenttypes.contenttype", "pk": 13, "fields": {"app_label": "socialaccount", "model": "socialaccount"}}, {"model": "contenttypes.contenttype", "pk": 14, "fields": {"app_label": "socialaccount", "model": "socialapp"}}, {"model": "contenttypes.contenttype", "pk": 15, "fields": {"app_label": "socialaccount", "model": "socialtoken"}}, {"model": "contenttypes.contenttype", "pk": 16, "fields": {"app_label": "admin", "model": "logentry"}}, {"model": "contenttypes.contenttype", "pk": 17, "fields": {"app_label": "auth", "model": "permission"}}, {"model": "contenttypes.contenttype", "pk": 18, "fields": {"app_label": "auth", "model": "group"}}, {"model": "contenttypes.contenttype", "pk": 19, "fields": {"app_label": "contenttypes", "model": "contenttype"}}, {"model": "contenttypes.contenttype", "pk": 20, "fields": {"app_label": "sessions", "model": "session"}}, {"model": "sessions.session", "pk": "0ag9mk08qxezud2qxu5ob7y393r7c0c8", "fields": {"session_data": ".eJxVjDsOwjAQBe_iGln-JcaU9DmDtV7v4gCypTipEHeHSCmgfTPzXiLCtpa4dVrinMVFGHH63RLgg-oO8h3qrUlsdV3mJHdFHrTLqWV6Xg_376BAL9868Jm9NciKHSflk8YhBeVDgAQjhmA9UTYEg9J21BYdGZ3ZsmbMiE68P_rIOMQ:1s9eA1:d_8DL3H6aTLE-4tYivqc5GP_wD3cwXXvjjYYmxm5CkU", "expire_date": "2024-06-05T14:05:09.516"}}, {"model": "sessions.session", "pk": "0bus2tk4vld13b4u6mc4uinr0f92xi2s", "fields": {"session_data": ".eJxVj7FuhDAQRP_FdWRhG_BCmT7fYO1618EJMRKYNKf79wOJK2jnzTxpHgpjXPZSw7-sOWXhIH-YZzWWfZ4_VMC9TmHfZA2Z1aiMumWE8VfKCfgHy_ei41LqmkmfFX3RTX8tLPPn1b0JJtymY22NR3TIHAlEHJuWwffkKbZkk5UOu27o2wSJh4ETNNRwLxYAyDaNo0P6_nG6pdQcsR5nsKrReNM754cOtAdjwT9fuWZSCw:1s9ZuI:8svTjgKZPSsEL418_GPCH2Zr-seuYDSMDzh6hsTHwvQ", "expire_date": "2024-06-05T09:32:38.796"}}, {"model": "sessions.session", "pk": "1ey1a0059pvvm66rr3xq84x8vx53l6qz", "fields": {"session_data": ".eJxVjDsOwjAQBe_iGln-JcaU9DmDtV7v4gCypTipEHeHSCmgfTPzXiLCtpa4dVrinMVFGHH63RLgg-oO8h3qrUlsdV3mJHdFHrTLqWV6Xg_376BAL9868Jm9NciKHSflk8YhBeVDgAQjhmA9UTYEg9J21BYdGZ3ZsmbMiE68P_rIOMQ:1s9ehD:QbM4PF3v5hAYwr9F0B5gTeTdYhO6sVUBsH3h9yEw_xI", "expire_date": "2024-06-05T14:39:27.133"}}, {"model": "sessions.session", "pk": "1igznfdvr2hs6an38ystmhs4t44rkowg", "fields": {"session_data": ".eJxVjDsOwjAQBe_iGln-JcaU9DmDtV7v4gCypTipEHeHSCmgfTPzXiLCtpa4dVrinMVFGHH63RLgg-oO8h3qrUlsdV3mJHdFHrTLqWV6Xg_376BAL9868Jm9NciKHSflk8YhBeVDgAQjhmA9UTYEg9J21BYdGZ3ZsmbMiE68P_rIOMQ:1s9ed2:G09iwkLcy2O_eZT3zVIBQeRPyavmXdLj5CNZOlJxDOU", "expire_date": "2024-06-05T14:35:08.528"}}, {"model": "sessions.session", "pk": "1rbw454d3bh13b5lpnhlpd7r55ithuip", "fields": {"session_data": ".eJxVjMsOwiAQRf-FtSG8KS7d-w2EGQapGkhKuzL-uzbpQrf3nHNfLKZtrXEbtMQ5szPT7PS7QcIHtR3ke2q3zrG3dZmB7wo_6ODXnul5Ody_g5pG_dbSaIEECJqKMEVpcmUqLiEoUNK7YAR5GSiJyWWbMRjjvUIL1tqSg2fvD_a8OA0:1s9eWl:ITnSZ1nOoWJm2j5iS-h_mA6zNssWXs8l4L25njxTJDc", "expire_date": "2024-06-05T14:28:39.787"}}, {"model": "sessions.session", "pk": "2b4ubu29jokbwx51zouk5xzaz4xkrbkx", "fields": {"session_data": ".eJxVjDsOwjAQBe_iGln-JcaU9DmDtV7v4gCypTipEHeHSCmgfTPzXiLCtpa4dVrinMVFGHH63RLgg-oO8h3qrUlsdV3mJHdFHrTLqWV6Xg_376BAL9868Jm9NciKHSflk8YhBeVDgAQjhmA9UTYEg9J21BYdGZ3ZsmbMiE68P_rIOMQ:1s9ebq:ejLZquxwJy2QIKLLzF_3uf4fZs7CYeaoXg8rs0NpcQk", "expire_date": "2024-06-05T14:33:54.140"}}, {"model": "sessions.session", "pk": "4is9xid3xo4qubqjcgfh8s3d33rhnnxy", "fields": {"session_data": ".eJxVjDsOwjAQBe_iGln-JcaU9DmDtV7v4gCypTipEHeHSCmgfTPzXiLCtpa4dVrinMVFGHH63RLgg-oO8h3qrUlsdV3mJHdFHrTLqWV6Xg_376BAL9868Jm9NciKHSflk8YhBeVDgAQjhmA9UTYEg9J21BYdGZ3ZsmbMiE68P_rIOMQ:1s9eUr:hLtKClGsVR6-_PrL9YXqNqUyPqhvRg9Eq0wcz--Pmvo", "expire_date": "2024-06-05T14:26:41.058"}}, {"model": "sessions.session", "pk": "53btg3uolgzztoy5asagwrgoh8ehx1d5", "fields": {"session_data": ".eJxVjMsOwiAQRf-FtSG8KS7d-w2EGQapGkhKuzL-uzbpQrf3nHNfLKZtrXEbtMQ5szPT7PS7QcIHtR3ke2q3zrG3dZmB7wo_6ODXnul5Ody_g5pG_dbSaIEECJqKMEVpcmUqLiEoUNK7YAR5GSiJyWWbMRjjvUIL1tqSg2fvD_a8OA0:1s9dlM:Q7alYlyOP_gN1CTJ9fTS-T3FQk3MU6UQGEFIkYXmdy8", "expire_date": "2024-06-05T13:39:40.903"}}, {"model": "sessions.session", "pk": "6vzdg547266z8bv44h5ntzo536be4tn8", "fields": {"session_data": ".eJxVjEEOwiAQRe_C2hCgUKYu3XsGMsMMUjVtUtqV8e7apAvd_vfef6mE21rT1mRJI6uzsur0uxHmh0w74DtOt1nneVqXkfSu6IM2fZ1ZnpfD_Tuo2Oq3djYidsicCUQ6tp4h9hQpe3LFScAQht4XKDwMXMCQ4V4cAJAzpiP1_gANbziX:1s9ZuJ:oRnkFJbLNkVakpdiuC0kWfBZQMsDv8fiLKw-mFEwcqc", "expire_date": "2024-06-05T09:32:39.142"}}, {"model": "sessions.session", "pk": "8340f8prbgnn9aghv1kagqv1p5xcpuk4", "fields": {"session_data": ".eJxVjDsOwjAQBe_iGln-JcaU9DmDtV7v4gCypTipEHeHSCmgfTPzXiLCtpa4dVrinMVFGHH63RLgg-oO8h3qrUlsdV3mJHdFHrTLqWV6Xg_376BAL9868Jm9NciKHSflk8YhBeVDgAQjhmA9UTYEg9J21BYdGZ3ZsmbMiE68P_rIOMQ:1s9dv6:XJtc0A5M66Nq2pSFDSkNAup-qhLsvmz1hWYVdjRN8Aw", "expire_date": "2024-06-05T13:49:44.956"}}, {"model": "sessions.session", "pk": "8iftrxh4u7tucx9hloeem2knq3ilb0fb", "fields": {"session_data": ".eJxVj8FuwyAQRP-Fc4W8QIzxMfd8A1qW3ZrWwZKNc6n677Gl5JDrvJknzZ9ComWvLT54LVI4R75jmdVY93n-UhH3NsV94zWWrEZl1EeWkH65niD_YP1eNC21rSXps6JfdNO3JfN8fXU_BBNu07EOMoi3hqQTJ6nzCeiSQudDwIQ9hWA9czaMlw5sD5YcG8hiBYQykTuk7x-nm2srhO04g02N4KG3dgDndDAweB_-nwBtUmY:1s9ZxI:uzdQnfCrhtyreKBrVtH5vw8_lkiEeS-cY6WV3JTeKyY", "expire_date": "2024-06-05T09:35:44.922"}}, {"model": "sessions.session", "pk": "aqmhj78wf0ny3yrq4llj59ds063duw5x", "fields": {"session_data": ".eJxVjMsOwiAQRf-FtSG8KS7d-w2EGQapGkhKuzL-uzbpQrf3nHNfLKZtrXEbtMQ5szPT7PS7QcIHtR3ke2q3zrG3dZmB7wo_6ODXnul5Ody_g5pG_dbSaIEECJqKMEVpcmUqLiEoUNK7YAR5GSiJyWWbMRjjvUIL1tqSg2fvD_a8OA0:1s9eW5:Jro0dLKEIkc_n6osqHM4hxX6JOhVEUQq4tCSDGXT-uE", "expire_date": "2024-06-05T14:27:57.166"}}, {"model": "sessions.session", "pk": "c10lu58eyyxun4ocsck848kzvv3xoapc", "fields": {"session_data": ".eJxVjDsOwjAQBe_iGln-JcaU9DmDtV7v4gCypTipEHeHSCmgfTPzXiLCtpa4dVrinMVFGHH63RLgg-oO8h3qrUlsdV3mJHdFHrTLqWV6Xg_376BAL9868Jm9NciKHSflk8YhBeVDgAQjhmA9UTYEg9J21BYdGZ3ZsmbMiE68P_rIOMQ:1s9dyW:Zf80HBXOnTjg-SW6cniqNFynC5e8vVA_l09MdsGJDao", "expire_date": "2024-06-05T13:53:16.560"}}, {"model": "sessions.session", "pk": "dsk7nb5d8i0n9i0wlgj2gr148dr4r5kq", "fields": {"session_data": ".eJxVjDsOwjAQBe_iGln-JcaU9DmDtV7v4gCypTipEHeHSCmgfTPzXiLCtpa4dVrinMVFGHH63RLgg-oO8h3qrUlsdV3mJHdFHrTLqWV6Xg_376BAL9868Jm9NciKHSflk8YhBeVDgAQjhmA9UTYEg9J21BYdGZ3ZsmbMiE68P_rIOMQ:1s9dy4:PjedJivkb08SbxtS_Y2F8clOCxofFwZzAZBrJ2kxPfc", "expire_date": "2024-06-05T13:52:48.827"}}, {"model": "sessions.session", "pk": "fobl189mumgewtai1f7m9k9clxlt7nz0", "fields": {"session_data": ".eJxVjEEOwiAQRe_C2hCgUKYu3XsGMsMMUjVtUtqV8e7apAvd_vfef6mE21rT1mRJI6uzsur0uxHmh0w74DtOt1nneVqXkfSu6IM2fZ1ZnpfD_Tuo2Oq3djYidsicCUQ6tp4h9hQpe3LFScAQht4XKDwMXMCQ4V4cAJAzpiP1_gANbziX:1s9dwJ:Puq7qRVUYgwIflVACPt-7NpT-A9YN4Sf2ZCSwKMmeJE", "expire_date": "2024-06-05T13:50:59.491"}}, {"model": "sessions.session", "pk": "g9ru4h75ij3a1ix8n38mv6srhqk2yzer", "fields": {"session_data": ".eJxVjDsOwjAQBe_iGln-JcaU9DmDtV7v4gCypTipEHeHSCmgfTPzXiLCtpa4dVrinMVFGHH63RLgg-oO8h3qrUlsdV3mJHdFHrTLqWV6Xg_376BAL9868Jm9NciKHSflk8YhBeVDgAQjhmA9UTYEg9J21BYdGZ3ZsmbMiE68P_rIOMQ:1s9c7w:Lh9iVE1hc0aC3L4Z7SsDwLhvre-keuiHHu0oMmopdG4", "expire_date": "2024-06-05T11:54:52.248"}}, {"model": "sessions.session", "pk": "gejhjulhe5u7tlh7lb4q5xdy1v2l4l0f", "fields": {"session_data": ".eJxVjDsOwjAQBe_iGln-JcaU9DmDtV7v4gCypTipEHeHSCmgfTPzXiLCtpa4dVrinMVFGHH63RLgg-oO8h3qrUlsdV3mJHdFHrTLqWV6Xg_376BAL9868Jm9NciKHSflk8YhBeVDgAQjhmA9UTYEg9J21BYdGZ3ZsmbMiE68P_rIOMQ:1s9cHo:91E8VKk49P8LDcpB_XH8mpP6XHOyRjp1aPP1Fe4EM_Y", "expire_date": "2024-06-05T12:05:04.204"}}, {"model": "sessions.session", "pk": "hiy7tr7cmkswde7pi4b6hrdzu0tnoxpu", "fields": {"session_data": ".eJxVjMsOwiAQRf-FtSG8KS7d-w2EGQapGkhKuzL-uzbpQrf3nHNfLKZtrXEbtMQ5szPT7PS7QcIHtR3ke2q3zrG3dZmB7wo_6ODXnul5Ody_g5pG_dbSaIEECJqKMEVpcmUqLiEoUNK7YAR5GSiJyWWbMRjjvUIL1tqSg2fvD_a8OA0:1s9eSa:VAko6vxGPaciqAzO5yb5IthJZNKBlzvUXCQSYAS_m38", "expire_date": "2024-06-05T14:24:20.929"}}, {"model": "sessions.session", "pk": "iai30acweqwgsu71rfw6e8y96y7hb6vr", "fields": {"session_data": ".eJxVjDsOwjAQBe_iGln-JcaU9DmDtV7v4gCypTipEHeHSCmgfTPzXiLCtpa4dVrinMVFGHH63RLgg-oO8h3qrUlsdV3mJHdFHrTLqWV6Xg_376BAL9868Jm9NciKHSflk8YhBeVDgAQjhmA9UTYEg9J21BYdGZ3ZsmbMiE68P_rIOMQ:1s9eNW:u9al3VVl_1vTOGzbUXu06Azcl82_4Z6sLKdjCKnQXS8", "expire_date": "2024-06-05T14:19:06.222"}}, {"model": "sessions.session", "pk": "j6ld6m0vhawhmecstdpi31ge18it095s", "fields": {"session_data": ".eJxVjDsOwjAQBe_iGln-JcaU9DmDtV7v4gCypTipEHeHSCmgfTPzXiLCtpa4dVrinMVFGHH63RLgg-oO8h3qrUlsdV3mJHdFHrTLqWV6Xg_376BAL9868Jm9NciKHSflk8YhBeVDgAQjhmA9UTYEg9J21BYdGZ3ZsmbMiE68P_rIOMQ:1s9eFK:NfL47z2afFF7MZBjaoHWH9u2mb2IlczkBxO1O2b4Fzg", "expire_date": "2024-06-05T14:10:38.743"}}, {"model": "sessions.session", "pk": "jcp7dmdrm5fw67k2e81m6bjulhgfek3l", "fields": {"session_data": ".eJxVjDsOwjAQBe_iGln-JcaU9DmDtV7v4gCypTipEHeHSCmgfTPzXiLCtpa4dVrinMVFGHH63RLgg-oO8h3qrUlsdV3mJHdFHrTLqWV6Xg_376BAL9868Jm9NciKHSflk8YhBeVDgAQjhmA9UTYEg9J21BYdGZ3ZsmbMiE68P_rIOMQ:1s9enR:iyKWZF1lyCo7EQJS8H-ISWhBvUz4FOGrYKJz_sG709o", "expire_date": "2024-06-05T14:45:53.435"}}, {"model": "sessions.session", "pk": "k2dp31o05ifb7o0iocu3scbr77fc3xkj", "fields": {"session_data": ".eJxVjDsOwjAQBe_iGln-JcaU9DmDtV7v4gCypTipEHeHSCmgfTPzXiLCtpa4dVrinMVFGHH63RLgg-oO8h3qrUlsdV3mJHdFHrTLqWV6Xg_376BAL9868Jm9NciKHSflk8YhBeVDgAQjhmA9UTYEg9J21BYdGZ3ZsmbMiE68P_rIOMQ:1s9eWw:86DwKJdVR8k77NMhnIFJ4phaQC_PKQykaS_zP62_CLk", "expire_date": "2024-06-05T14:28:50.706"}}, {"model": "sessions.session", "pk": "m3zglqx0fkm8w63sdy1sit83rrnxnyc8", "fields": {"session_data": ".eJxVj7tuhDAQRf_FdWT5bUyZPt9gjcfj4IQYCUya1f77gsQWlPd1pPtggLjsrcd_WmuplCP9QZ3Z2PZ5_mAR9j7FfaM11sxGptnNS4C_1M4g_0D7Xjgura818bPCr3TjX0um-fPq3gATbNOxlkYLpIRJUxGmKE2uDMUBJpWU9C4YQV4GAjG4bDMGY7xXaJO1tuTgD-j7x8mm1itCP85AZ6P00mmr_CC4lSEc6vkC24BRrA:1s9dlM:0XIFJjg2_1dNmubNSXr_5DOSpbM18hcRRnjlhfijzS8", "expire_date": "2024-06-05T13:39:40.534"}}, {"model": "sessions.session", "pk": "mdt0iqa3u5pup8uj8edkgk4uxrc5xhsi", "fields": {"session_data": ".eJxVjDsOwjAQBe_iGln-JcaU9DmDtV7v4gCypTipEHeHSCmgfTPzXiLCtpa4dVrinMVFGHH63RLgg-oO8h3qrUlsdV3mJHdFHrTLqWV6Xg_376BAL9868Jm9NciKHSflk8YhBeVDgAQjhmA9UTYEg9J21BYdGZ3ZsmbMiE68P_rIOMQ:1s9eJT:Ruq52R2tJbQWvbhvBFkf1WhmlM2eUxELMzSUiezdLOw", "expire_date": "2024-06-05T14:14:55.082"}}, {"model": "sessions.session", "pk": "n3hkx99mrh1symvsq8v4z7cnoxsuq3mc", "fields": {"session_data": ".eJxVjDsOwjAQBe_iGln-JcaU9DmDtV7v4gCypTipEHeHSCmgfTPzXiLCtpa4dVrinMVFGHH63RLgg-oO8h3qrUlsdV3mJHdFHrTLqWV6Xg_376BAL9868Jm9NciKHSflk8YhBeVDgAQjhmA9UTYEg9J21BYdGZ3ZsmbMiE68P_rIOMQ:1s9eAb:5gOktP_VAh3JQCjWlcIYhD4AjN7_j8XQIx6ra84aWcA", "expire_date": "2024-06-05T14:05:45.321"}}, {"model": "sessions.session", "pk": "nld38240p34pp0f776dlv9c4pkwcscy7", "fields": {"session_data": ".eJxVjDsOwjAQBe_iGln-JcaU9DmDtV7v4gCypTipEHeHSCmgfTPzXiLCtpa4dVrinMVFGHH63RLgg-oO8h3qrUlsdV3mJHdFHrTLqWV6Xg_376BAL9868Jm9NciKHSflk8YhBeVDgAQjhmA9UTYEg9J21BYdGZ3ZsmbMiE68P_rIOMQ:1s9f0d:cp3P_N9gpi_JXGs68ClkvFTd7VmtwXabvibqYH_RXZ0", "expire_date": "2024-06-05T14:59:31.142"}}, {"model": "sessions.session", "pk": "nm8cftegjl6eo8673wgtr5t1skns1s94", "fields": {"session_data": ".eJxVjDsOwjAQBe_iGln-JcaU9DmDtV7v4gCypTipEHeHSCmgfTPzXiLCtpa4dVrinMVFGHH63RLgg-oO8h3qrUlsdV3mJHdFHrTLqWV6Xg_376BAL9868Jm9NciKHSflk8YhBeVDgAQjhmA9UTYEg9J21BYdGZ3ZsmbMiE68P_rIOMQ:1s9ZxJ:nI2DyNpL92ZJu_YQRYigQk6qZxHm33J50LphDR9OPG8", "expire_date": "2024-06-05T09:35:45.255"}}, {"model": "sessions.session", "pk": "npb180kcutov2ah19l3dtbtwzlo2dc1j", "fields": {"session_data": ".eJxVjDsOwjAQBe_iGln-JcaU9DmDtV7v4gCypTipEHeHSCmgfTPzXiLCtpa4dVrinMVFGHH63RLgg-oO8h3qrUlsdV3mJHdFHrTLqWV6Xg_376BAL9868Jm9NciKHSflk8YhBeVDgAQjhmA9UTYEg9J21BYdGZ3ZsmbMiE68P_rIOMQ:1s9eLK:8-viDv-hK4-WUO0NqWpdewwxEi1tYH0xd31vga2WZTQ", "expire_date": "2024-06-05T14:16:50.909"}}, {"model": "sessions.session", "pk": "nuco4rap87awlu74exnk95bymdo3ymul", "fields": {"session_data": ".eJxVjEEOwiAQRe_C2hCgUKYu3XsGMsMMUjVtUtqV8e7apAvd_vfef6mE21rT1mRJI6uzsur0uxHmh0w74DtOt1nneVqXkfSu6IM2fZ1ZnpfD_Tuo2Oq3djYidsicCUQ6tp4h9hQpe3LFScAQht4XKDwMXMCQ4V4cAJAzpiP1_gANbziX:1s9dqy:S5gS72O-2WfrySUPWU843VHXMpBEZV0jGLpmv6BxZrQ", "expire_date": "2024-06-05T13:45:28.714"}}, {"model": "sessions.session", "pk": "o4b1qdg24g9ktmz3duu06225ibyx24ad", "fields": {"session_data": ".eJxVjDsOwjAQBe_iGln-JcaU9DmDtV7v4gCypTipEHeHSCmgfTPzXiLCtpa4dVrinMVFGHH63RLgg-oO8h3qrUlsdV3mJHdFHrTLqWV6Xg_376BAL9868Jm9NciKHSflk8YhBeVDgAQjhmA9UTYEg9J21BYdGZ3ZsmbMiE68P_rIOMQ:1s9dlw:tFMkp9mqZVqFgXL1kFdSVh7tNsZHRPBCstf0yAYMqW4", "expire_date": "2024-06-05T13:40:16.487"}}, {"model": "sessions.session", "pk": "ogm4w8fxdlxwla35e3ydagjhhkpcnfiu", "fields": {"session_data": ".eJxVjDsOwjAQBe_iGln-JcaU9DmDtV7v4gCypTipEHeHSCmgfTPzXiLCtpa4dVrinMVFGHH63RLgg-oO8h3qrUlsdV3mJHdFHrTLqWV6Xg_376BAL9868Jm9NciKHSflk8YhBeVDgAQjhmA9UTYEg9J21BYdGZ3ZsmbMiE68P_rIOMQ:1s9ei2:T9m7vri4X2o11RFD2qfD6okm5op8ybSd8QEuFM_qjSw", "expire_date": "2024-06-05T14:40:18.308"}}, {"model": "sessions.session", "pk": "p6sri9evdxrmsm8xmt1wpa9n0ydueiy5", "fields": {"session_data": ".eJxVjDsOwjAQBe_iGln-JcaU9DmDtV7v4gCypTipEHeHSCmgfTPzXiLCtpa4dVrinMVFGHH63RLgg-oO8h3qrUlsdV3mJHdFHrTLqWV6Xg_376BAL9868Jm9NciKHSflk8YhBeVDgAQjhmA9UTYEg9J21BYdGZ3ZsmbMiE68P_rIOMQ:1s9eJ8:0AwraBZA-et0O9vhEc2YNph1FZJ9I7YQY3pRdR1kZrQ", "expire_date": "2024-06-05T14:14:34.984"}}, {"model": "sessions.session", "pk": "qvawfkqdni0tdd3050olfwknbo17n7rc", "fields": {"session_data": ".eJxVjMsOwiAQRf-FtSG8KS7d-w2EGQapGkhKuzL-uzbpQrf3nHNfLKZtrXEbtMQ5szPT7PS7QcIHtR3ke2q3zrG3dZmB7wo_6ODXnul5Ody_g5pG_dbSaIEECJqKMEVpcmUqLiEoUNK7YAR5GSiJyWWbMRjjvUIL1tqSg2fvD_a8OA0:1s9eVO:jgDygLuKDuznR017JMlaLiBx5B5OPVx7SIxm6FtY71k", "expire_date": "2024-06-05T14:27:14.722"}}, {"model": "sessions.session", "pk": "r2us3kqp3u9v3axxd10g8ehcyoqrmx7d", "fields": {"session_data": ".eJxVjDsOwjAQBe_iGln-JcaU9DmDtV7v4gCypTipEHeHSCmgfTPzXiLCtpa4dVrinMVFGHH63RLgg-oO8h3qrUlsdV3mJHdFHrTLqWV6Xg_376BAL9868Jm9NciKHSflk8YhBeVDgAQjhmA9UTYEg9J21BYdGZ3ZsmbMiE68P_rIOMQ:1s9eEC:l4RASfaA6NGznAz3_Y000wyxh6clYMrx2QabiZcqMVM", "expire_date": "2024-06-05T14:09:28.897"}}, {"model": "sessions.session", "pk": "r87rbvf14x0oyngw89pu027zbclgwm4e", "fields": {"session_data": ".eJxVjMsOwiAQRf-FtSG8KS7d-w2EGQapGkhKuzL-uzbpQrf3nHNfLKZtrXEbtMQ5szPT7PS7QcIHtR3ke2q3zrG3dZmB7wo_6ODXnul5Ody_g5pG_dbSaIEECJqKMEVpcmUqLiEoUNK7YAR5GSiJyWWbMRjjvUIL1tqSg2fvD_a8OA0:1s9eKb:g5fpEbWLtD4w4HhC4lFjmNnyz58NGohDr08QugdbcnU", "expire_date": "2024-06-05T14:16:05.742"}}, {"model": "sessions.session", "pk": "t3x7o20maave2chwsr2tgn2eors1dnvo", "fields": {"session_data": ".eJxVjDsOwjAQBe_iGln-JcaU9DmDtV7v4gCypTipEHeHSCmgfTPzXiLCtpa4dVrinMVFGHH63RLgg-oO8h3qrUlsdV3mJHdFHrTLqWV6Xg_376BAL9868Jm9NciKHSflk8YhBeVDgAQjhmA9UTYEg9J21BYdGZ3ZsmbMiE68P_rIOMQ:1s9ejh:uIQZ7vhQIQqkb0YZAYDIGDhuSk2YCNhgn9jPrQQrVVg", "expire_date": "2024-06-05T14:42:01.915"}}, {"model": "sessions.session", "pk": "tv5iwteitf29d9usgyz728rvmca5f1b8", "fields": {"session_data": ".eJxVjDsOwjAQBe_iGln-JcaU9DmDtV7v4gCypTipEHeHSCmgfTPzXiLCtpa4dVrinMVFGHH63RLgg-oO8h3qrUlsdV3mJHdFHrTLqWV6Xg_376BAL9868Jm9NciKHSflk8YhBeVDgAQjhmA9UTYEg9J21BYdGZ3ZsmbMiE68P_rIOMQ:1s9e21:a0Xrp_cP-RWsRhjm1TmBpOHeIriV8ny1XaUkVM5UUYY", "expire_date": "2024-06-05T13:56:53.036"}}, {"model": "sessions.session", "pk": "wmqghyvvvuhrqq3gtbp7ynfoj9jzlwkn", "fields": {"session_data": ".eJxVjDsOwjAQBe_iGln-JcaU9DmDtV7v4gCypTipEHeHSCmgfTPzXiLCtpa4dVrinMVFGHH63RLgg-oO8h3qrUlsdV3mJHdFHrTLqWV6Xg_376BAL9868Jm9NciKHSflk8YhBeVDgAQjhmA9UTYEg9J21BYdGZ3ZsmbMiE68P_rIOMQ:1s9eU5:sJPyh3uDYPK-VkK7dpralKUzYNDOTS-FZCRjo0H9RVc", "expire_date": "2024-06-05T14:25:53.804"}}, {"model": "sessions.session", "pk": "x43ye963oigcpi4jzxp8h9klw6yoa1hr", "fields": {"session_data": ".eJxVjDsOwjAQBe_iGln-JcaU9DmDtV7v4gCypTipEHeHSCmgfTPzXiLCtpa4dVrinMVFGHH63RLgg-oO8h3qrUlsdV3mJHdFHrTLqWV6Xg_376BAL9868Jm9NciKHSflk8YhBeVDgAQjhmA9UTYEg9J21BYdGZ3ZsmbMiE68P_rIOMQ:1s9ejw:1PTZGYTSNKE9wPzvq4U4eRg-jc7rdMnjdCYMVE_fD1A", "expire_date": "2024-06-05T14:42:16.789"}}, {"model": "sessions.session", "pk": "yhbqdhh8vnhdij4htimc3j07n4i6x3lv", "fields": {"session_data": ".eJxVjDsOwjAQBe_iGln-JcaU9DmDtV7v4gCypTipEHeHSCmgfTPzXiLCtpa4dVrinMVFGHH63RLgg-oO8h3qrUlsdV3mJHdFHrTLqWV6Xg_376BAL9868Jm9NciKHSflk8YhBeVDgAQjhmA9UTYEg9J21BYdGZ3ZsmbMiE68P_rIOMQ:1s9eUd:VmDVolt4irtY29ogQInfO-7kzCQwEmN530Zfa919U64", "expire_date": "2024-06-05T14:26:27.983"}}, {"model": "sessions.session", "pk": "ykeaqsrlhljwcbw6yjkf2zaq5ewxmjfp", "fields": {"session_data": ".eJxVjDsOwjAQBe_iGln-JcaU9DmDtV7v4gCypTipEHeHSCmgfTPzXiLCtpa4dVrinMVFGHH63RLgg-oO8h3qrUlsdV3mJHdFHrTLqWV6Xg_376BAL9868Jm9NciKHSflk8YhBeVDgAQjhmA9UTYEg9J21BYdGZ3ZsmbMiE68P_rIOMQ:1s9eHx:prdFGMZRVMUf6nJV2AeBGtCWWX_IlnhCVI_XKPMAmz8", "expire_date": "2024-06-05T14:13:21.570"}}, {"model": "sessions.session", "pk": "zbf5dn8dsp33quhuoz1i1yhqgskvloqn", "fields": {"session_data": ".eJxVjDsOwjAQBe_iGln-JcaU9DmDtV7v4gCypTipEHeHSCmgfTPzXiLCtpa4dVrinMVFGHH63RLgg-oO8h3qrUlsdV3mJHdFHrTLqWV6Xg_376BAL9868Jm9NciKHSflk8YhBeVDgAQjhmA9UTYEg9J21BYdGZ3ZsmbMiE68P_rIOMQ:1s9eGh:cCj-VJGEAICuvKWa9kXA5_CsuR9ndEfKjsozVl6SE_M", "expire_date": "2024-06-05T14:12:03.487"}}, {"model": "sessions.session", "pk": "zhp8r4jrp4pz99mbx925tovm04m5qv11", "fields": {"session_data": ".eJxVjEEOwiAQRe_C2hCgUKYu3XsGMsMMUjVtUtqV8e7apAvd_vfef6mE21rT1mRJI6uzsur0uxHmh0w74DtOt1nneVqXkfSu6IM2fZ1ZnpfD_Tuo2Oq3djYidsicCUQ6tp4h9hQpe3LFScAQht4XKDwMXMCQ4V4cAJAzpiP1_gANbziX:1s9dkz:YImATX5UxgcokALrbt5dKl7mTQAaox3BHJIc5XfwM-c", "expire_date": "2024-06-05T13:39:17.540"}}, {"model": "sessions.session", "pk": "zltu1qebueyuccz7jaymcd4yo4pz9kue", "fields": {"session_data": ".eJxVjEEOwiAQRe_C2hCgUKYu3XsGMsMMUjVtUtqV8e7apAvd_vfef6mE21rT1mRJI6uzsur0uxHmh0w74DtOt1nneVqXkfSu6IM2fZ1ZnpfD_Tuo2Oq3djYidsicCUQ6tp4h9hQpe3LFScAQht4XKDwMXMCQ4V4cAJAzpiP1_gANbziX:1s9eO6:QcpzTvBLY16my7b0nGcsXf7DDWIMynQO1fQDyrxEH0M", "expire_date": "2024-06-05T14:19:42.147"}}]